Track,Artist,Album,Release_Year,Duration,Time_Signature,Danceability,Energy,Track_Key,Loudness,Song_Mode,Speechiness,Acousticness,Instrumentalness,Liveness,Valence,Tempo,Popularity,Popularity_Category,Energy_Range,Danceability_Range,Loudness_Range,Liveness_Range
"1 step forward, 3 steps back",Olivia Rodrigo,SOUR,2021,163586,4,0.0,0.0,2,-13.0,1,0.0,1.0,0.0,0.0,0.0,169.0,77,Medium,Low,Low,Medium,Low
1985 - Intro to ?The Fall Off?,J. Cole,KOD,2018,190176,4,1.0,1.0,2,-6.0,1,0.0,0.0,0.0,0.0,1.0,94.0,57,Medium,High,High,High,Low
3 Headed Goat (feat. Lil Baby & Polo G),Lil Durk,Just Cause Y'all Waited 2,2020,169531,4,1.0,0.0,8,-9.0,0,0.0,0.0,0.0,0.0,0.0,143.0,69,Medium,Low,High,High,Low
35?s,Tyler Hubbard,Tyler Hubbard,2023,174733,4,1.0,1.0,10,-6.0,1,0.0,0.0,0.0,0.0,0.0,140.0,49,Low,High,High,High,Low
3D (feat. Jack Harlow),Jung Kook,3D : The Remixes,2023,201812,4,1.0,1.0,1,-3.0,1,0.0,0.0,0.0,0.0,1.0,108.0,78,Medium,High,High,High,Low
5 Foot 9,Tyler Hubbard,5 Foot 9,2023,189780,4,1.0,1.0,5,-6.0,1,0.0,0.0,0.0,0.0,1.0,106.0,67,Medium,High,High,High,Low
7 rings,Ariana Grande,"thank u, next",2019,178626,4,1.0,0.0,1,-11.0,0,0.0,1.0,0.0,0.0,0.0,140.0,50,Medium,Low,High,Medium,Low
7 Summers,Morgan Wallen,Dangerous: The Double Album,2020,210506,4,0.0,1.0,0,-5.0,1,0.0,0.0,0.0,0.0,1.0,204.0,78,Medium,High,Low,High,Low
Adore You,Harry Styles,Fine Line,2019,207133,4,1.0,1.0,8,-4.0,1,0.0,0.0,0.0,0.0,1.0,99.0,82,High,High,High,High,Low
Adore You,Miley Cyrus,Bangerz (Deluxe Version),2013,278746,4,1.0,1.0,0,-5.0,1,0.0,0.0,0.0,0.0,0.0,120.0,68,Medium,High,High,High,Low
Adorn,Miguel,Kaleidoscope Dream,2012,193146,4,1.0,1.0,11,-6.0,0,0.0,0.0,0.0,0.0,0.0,179.0,67,Medium,High,High,High,Low
After Hours,The Weeknd,After Hours,2020,361026,4,1.0,1.0,5,-6.0,0,0.0,0.0,0.0,0.0,0.0,109.0,80,High,High,High,High,Low
Ahora Me Llama,KAROL G,Unstoppable,2017,235226,4,1.0,1.0,7,-6.0,0,0.0,0.0,0.0,0.0,0.0,135.0,70,Medium,High,High,High,Low
AIN'T GONNA ANSWER,NLE Choppa,AIN'T GONNA ANSWER,2023,187453,4,1.0,1.0,10,-2.0,0,0.0,0.0,0.0,0.0,1.0,95.0,58,Medium,High,High,High,Low
Aint Gotta Dollar,Oliver Anthony Music,Aint Gotta Dollar,2023,124608,4,1.0,0.0,10,-16.0,1,0.0,1.0,0.0,0.0,0.0,110.0,62,Medium,Low,High,Medium,Low
Alineando Cabrones - En Vivo,Hermanos Vega Jr.,"En Vivo Fiesta Privada, Vol. 1",2023,315300,3,1.0,1.0,7,-8.0,1,0.0,0.0,0.0,0.0,1.0,187.0,23,Low,High,High,High,Low
All About That Bass,Meghan Trainor,Title (Deluxe),2014,187920,4,1.0,1.0,9,-4.0,1,0.0,0.0,0.0,0.0,1.0,134.0,73,Medium,High,High,High,Low
All I Want Is You (feat. J. Cole),Miguel,All I Want Is You,2010,295920,4,1.0,1.0,5,-6.0,1,0.0,0.0,0.0,0.0,1.0,97.0,71,Medium,High,High,High,Low
All My Love,Noah Kahan,Stick Season,2023,251510,4,1.0,1.0,2,-7.0,1,0.0,0.0,0.0,0.0,0.0,116.0,80,High,High,High,High,Low
All Too Well (10 Minute Version) (Taylor's Version) (From The Vault),Taylor Swift,Red (Taylor's Version),2021,613026,4,1.0,1.0,0,-9.0,1,0.0,0.0,0.0,0.0,0.0,93.0,80,High,High,High,High,Low
Almost Love,Sabrina Carpenter,Singular Act I,2022,212360,4,1.0,1.0,9,-3.0,0,0.0,0.0,0.0,0.0,1.0,105.0,56,Medium,High,High,High,Low
Almost Maybes,Jordan Davis,Almost Maybes,2022,179152,4,1.0,1.0,11,-4.0,1,0.0,0.0,0.0,0.0,1.0,90.0,55,Medium,High,High,High,Low
Almost There,Coco Jones,Almost There,2023,238070,4,1.0,1.0,0,-7.0,1,0.0,0.0,0.0,0.0,0.0,83.0,49,Low,High,High,High,Low
Alter Ego (with JT),Doechii,Alter Ego (with JT),2023,204094,4,1.0,1.0,11,-5.0,0,0.0,0.0,0.0,1.0,1.0,127.0,66,Medium,High,High,High,High
Always Remember Us This Way,Lady Gaga,A Star Is Born Soundtrack (Without Dialogue),2018,210200,4,1.0,1.0,0,-6.0,1,0.0,0.0,0.0,1.0,0.0,130.0,82,High,High,High,High,High
Am I Okay?,Megan Moroney,Am I Okay?,2023,235002,4,1.0,1.0,9,-5.0,1,0.0,0.0,0.0,0.0,1.0,126.0,76,Medium,High,High,High,Low
AMARGURA,KAROL G,MAï¿½ANA SERï¿½ BONITO,2023,170480,4,1.0,1.0,6,-3.0,0,0.0,0.0,0.0,0.0,1.0,107.0,88,High,High,High,High,Low
Amor Tumbado,Natanael Cano,Mi Nuevo Yo,2020,221553,3,1.0,1.0,1,-6.0,0,0.0,0.0,0.0,0.0,0.0,200.0,77,Medium,High,High,High,Low
Anaconda,Nicki Minaj,The Pinkprint - Deluxe,2014,260239,4,1.0,1.0,9,-6.0,1,0.0,0.0,0.0,0.0,1.0,130.0,60,Medium,High,High,High,Low
Anti-Hero,Taylor Swift,Midnights,2022,200690,4,1.0,1.0,4,-7.0,1,0.0,0.0,0.0,0.0,0.0,97.0,84,High,High,High,High,Low
Any Ol' Barstool,Jason Aldean,They Don't Know,2016,203293,4,1.0,1.0,4,-4.0,1,0.0,0.0,0.0,0.0,0.0,144.0,59,Medium,High,High,High,Low
Applause,Lady Gaga,ARTPOP,2013,212333,4,1.0,1.0,7,-4.0,0,0.0,0.0,0.0,0.0,1.0,140.0,76,Medium,High,High,High,Low
As It Was,Harry Styles,Harry's House,2022,167303,4,1.0,1.0,6,-5.0,0,0.0,0.0,0.0,0.0,1.0,174.0,91,High,High,High,High,Low
ATM,J. Cole,KOD,2018,216726,4,1.0,0.0,8,-8.0,1,1.0,0.0,0.0,0.0,0.0,82.0,57,Medium,Low,High,High,Low
Atta Girl,Lainey Wilson,Bell Bottom Country,2022,206693,4,1.0,1.0,11,-7.0,1,0.0,0.0,0.0,0.0,1.0,142.0,61,Medium,High,High,High,Low
Attention,NewJeans,NewJeans 1st EP 'New Jeans',2022,180066,4,1.0,1.0,10,-4.0,0,0.0,0.0,0.0,0.0,1.0,105.0,76,Medium,High,High,High,Low
B*tch From Da Souf,Latto,B*tch From Da Souf,2020,144047,4,1.0,0.0,1,-16.0,1,1.0,0.0,0.0,0.0,0.0,150.0,51,Medium,Low,High,Medium,Low
Baby Birkin,Gunna,Drip or Drown 2,2021,181948,4,1.0,1.0,2,-6.0,1,0.0,0.0,0.0,0.0,1.0,118.0,57,Medium,High,High,High,Low
Back To You - From 13 Reasons Why ? Season 2 Soundtrack,Selena Gomez,Back To You (From 13 Reasons Why ? Season 2 Soundtrack),2018,207904,4,1.0,1.0,6,-5.0,1,0.0,0.0,0.0,0.0,1.0,102.0,70,Medium,High,High,High,Low
back together,Toosii,Thank You For Believing,2023,192091,4,1.0,0.0,7,-11.0,1,0.0,0.0,0.0,0.0,0.0,170.0,32,Low,Low,High,Medium,Low
Backdoor,Lil Durk,The Voice (Deluxe),2020,200000,4,1.0,1.0,4,-8.0,0,0.0,0.0,0.0,0.0,0.0,83.0,48,Low,High,High,High,Low
Bad Blood,Taylor Swift,1989,2015,211933,4,1.0,1.0,7,-6.0,1,0.0,0.0,0.0,0.0,0.0,170.0,63,Medium,High,High,High,Low
Bad Commando,Rema,Bad Commando,2023,105002,4,1.0,1.0,1,-7.0,0,0.0,1.0,0.0,0.0,1.0,95.0,45,Low,High,High,High,Low
bad guy,Billie Eilish,"WHEN WE ALL FALL ASLEEP, WHERE DO WE GO?",2019,194087,4,1.0,0.0,7,-11.0,1,0.0,0.0,0.0,0.0,1.0,135.0,81,High,Low,High,Medium,Low
Bad Habit,Steve Lacy,Gemini Rights,2022,232066,4,1.0,0.0,1,-7.0,1,0.0,1.0,0.0,0.0,1.0,169.0,82,High,Low,High,High,Low
Bad Habits,Ed Sheeran,=,2021,230746,4,1.0,1.0,11,-4.0,0,0.0,0.0,0.0,0.0,1.0,126.0,80,High,High,High,High,Low
Bad Liar,Selena Gomez,Bad Liar,2017,214647,4,1.0,0.0,1,-6.0,1,0.0,0.0,0.0,0.0,1.0,121.0,64,Medium,Low,High,High,Low
Bad Romance,Lady Gaga,The Fame Monster (Deluxe Edition),2009,294573,4,1.0,1.0,0,-4.0,1,0.0,0.0,0.0,0.0,1.0,119.0,83,High,High,High,High,Low
Bandolero,Yng Lvcas,Six Jewels 23,2023,190243,4,1.0,1.0,10,-8.0,0,0.0,0.0,0.0,0.0,0.0,82.0,26,Low,High,High,High,Low
Bang Dem Sticks,Meghan Trainor,Title (Deluxe),2016,180973,4,1.0,1.0,2,-4.0,1,0.0,0.0,0.0,0.0,0.0,110.0,41,Low,High,High,High,Low
Bartier Cardi (feat. 21 Savage),Cardi B,Invasion of Privacy,2017,224284,4,1.0,1.0,1,-8.0,1,0.0,0.0,0.0,0.0,0.0,138.0,60,Medium,High,High,High,Low
Be Careful,Cardi B,Invasion of Privacy,2018,210787,4,1.0,1.0,6,-8.0,0,0.0,0.0,0.0,0.0,1.0,152.0,67,Medium,High,High,High,Low
Be the One,Dua Lipa,Be the One,2017,202914,4,1.0,1.0,7,-4.0,0,0.0,0.0,0.0,0.0,0.0,87.0,67,Medium,High,High,High,Low
Beautiful Crazy,Luke Combs,This One's for You Too (Deluxe Edition),2017,193200,4,1.0,0.0,11,-7.0,1,0.0,1.0,0.0,0.0,0.0,103.0,83,High,Low,High,High,Low
Beautiful Interlude,Coco Jones,SuperSoulSista (Limited Edition),2023,37306,4,1.0,0.0,4,-13.0,1,1.0,0.0,0.0,0.0,0.0,89.0,0,Low,Low,High,Medium,Low
Bebe Dame,Fuerza Regida,Bebe Dame,2022,271861,4,1.0,1.0,7,-5.0,1,0.0,0.0,0.0,0.0,1.0,157.0,71,Medium,High,High,High,Low
Because of You,Kelly Clarkson,Breakaway,2004,219493,4,1.0,1.0,5,-5.0,0,0.0,0.0,0.0,0.0,0.0,140.0,65,Medium,High,High,High,Low
Beer Never Broke My Heart,Luke Combs,What You See Is What You Get,2019,186733,4,1.0,1.0,1,-4.0,1,0.0,0.0,0.0,0.0,1.0,77.0,81,High,High,High,High,Low
Beez In The Trap,Nicki Minaj,Pink Friday ... Roman Reloaded,2012,268480,4,1.0,1.0,9,-6.0,1,0.0,0.0,0.0,0.0,1.0,150.0,52,Medium,High,High,High,Low
Behind These Hazel Eyes,Kelly Clarkson,Breakaway,2005,198973,4,1.0,1.0,9,-5.0,1,0.0,0.0,0.0,0.0,0.0,90.0,60,Medium,High,High,High,Low
Better Together,Luke Combs,What You See Is What You Get,2020,219573,4,1.0,0.0,0,-12.0,1,0.0,1.0,0.0,0.0,1.0,138.0,74,Medium,Low,High,Medium,Low
Better When I'm Dancin',Meghan Trainor,Better When I'm Dancin',2015,176266,4,1.0,1.0,2,-7.0,1,0.0,1.0,0.0,0.0,1.0,128.0,73,Medium,High,High,High,Low
Big Energy,Latto,Big Energy,2021,173182,4,1.0,1.0,11,-4.0,0,0.0,0.0,0.0,0.0,1.0,106.0,65,Medium,High,High,High,Low
Big Green Tractor,Jason Aldean,Wide Open,2009,204200,4,1.0,1.0,4,-5.0,1,0.0,1.0,0.0,0.0,1.0,137.0,67,Medium,High,High,High,Low
BIG MAD,Ktlyn,BIG MAD,2023,143111,4,1.0,1.0,8,-6.0,1,0.0,0.0,0.0,0.0,0.0,102.0,57,Medium,High,High,High,Low
BIG PURR (Prrdd) (feat. Pooh Shiesty),Coi Leray,BIG PURR (Prrdd),2021,116760,4,1.0,0.0,1,-9.0,1,0.0,0.0,0.0,0.0,0.0,140.0,46,Low,Low,High,High,Low
Bikini Bottom,Ice Spice,Bikini Bottom,2023,106666,3,1.0,1.0,8,-5.0,1,0.0,0.0,0.0,0.0,1.0,162.0,60,Medium,High,High,High,Low
Blank Space,Taylor Swift,1989,2014,231826,4,1.0,1.0,5,-5.0,1,0.0,0.0,0.0,0.0,1.0,96.0,70,Medium,High,High,High,Low
Blick Blick (with Nicki Minaj),Coi Leray,Blick Blick,2022,178413,4,1.0,1.0,8,-4.0,0,0.0,0.0,0.0,0.0,1.0,140.0,51,Medium,High,High,High,Low
Blick Sum,Latto,Sugar Honey Iced Tea,2023,191546,4,1.0,1.0,9,-7.0,1,0.0,0.0,0.0,1.0,0.0,150.0,58,Medium,High,High,High,High
Blinding Lights,The Weeknd,After Hours,2019,200040,4,1.0,1.0,1,-6.0,1,0.0,0.0,0.0,0.0,0.0,171.0,89,High,High,High,High,Low
Bloody Mary,Lady Gaga,Born This Way (Special Edition),2011,244760,4,1.0,1.0,9,-6.0,0,0.0,0.0,0.0,0.0,0.0,100.0,67,Medium,High,High,High,Low
Bodak Yellow,Cardi B,Invasion of Privacy,2017,223712,4,1.0,1.0,11,-6.0,0,0.0,0.0,0.0,0.0,0.0,125.0,70,Medium,High,High,High,Low
Bora Bora,Lil Durk,Love Songs 4 the Streets 2,2022,162205,4,1.0,1.0,1,-5.0,1,0.0,0.0,0.0,0.0,0.0,160.0,54,Medium,High,High,High,Low
Born This Way,Lady Gaga,Born This Way (Special Edition),2011,260252,4,1.0,1.0,11,-5.0,1,0.0,0.0,0.0,0.0,0.0,124.0,67,Medium,High,High,High,Low
Boss Bitch,Doja Cat,Boss Bitch,2021,134239,4,1.0,1.0,10,-5.0,0,0.0,0.0,0.0,0.0,1.0,126.0,76,Medium,High,High,High,Low
Bounce,Rema,Bounce,2022,187782,4,0.0,1.0,11,-7.0,0,0.0,0.0,0.0,0.0,1.0,115.0,57,Medium,High,Low,High,Low
Break Free,Ariana Grande,My Everything - Deluxe,2014,214840,4,1.0,1.0,7,-5.0,0,0.0,0.0,0.0,0.0,0.0,130.0,76,Medium,High,High,High,Low
Break It Off,PinkPantheress,Break It Off,2023,95317,4,1.0,1.0,6,-5.0,0,0.0,0.0,0.0,0.0,1.0,172.0,62,Medium,High,High,High,Low
Break My Heart,Dua Lipa,Future Nostalgia,2020,221820,4,1.0,1.0,4,-3.0,0,0.0,0.0,0.0,0.0,0.0,113.0,75,Medium,High,High,High,Low
Break Up in the End,Cole Swindell,All of It,2018,199693,4,1.0,0.0,1,-8.0,1,0.0,0.0,0.0,0.0,0.0,86.0,61,Medium,Low,High,High,Low
Break Up with Him,Old Dominion,Meat and Candy,2015,207733,4,1.0,1.0,8,-5.0,1,0.0,0.0,0.0,0.0,1.0,152.0,61,Medium,High,High,High,Low
Breakaway,Kelly Clarkson,Breakaway,2004,237000,3,0.0,1.0,9,-4.0,0,0.0,0.0,0.0,0.0,0.0,160.0,61,Medium,High,Low,High,Low
Broken Clocks,SZA,Ctrl,2017,231253,4,1.0,1.0,6,-7.0,1,0.0,0.0,0.0,0.0,0.0,113.0,82,High,High,High,High,Low
brutal,Olivia Rodrigo,SOUR,2021,143746,4,1.0,1.0,4,-6.0,1,0.0,0.0,0.0,0.0,0.0,124.0,77,Medium,High,High,High,Low
Bulletproof (feat. Avril Lavigne),Nate Smith,Bulletproof (feat. Avril Lavigne),2023,183919,4,1.0,1.0,7,-5.0,1,0.0,0.0,0.0,0.0,0.0,80.0,63,Medium,High,High,High,Low
Burn,David Kushner,Footprints I Found,2023,179173,4,1.0,0.0,0,-10.0,1,0.0,1.0,0.0,0.0,0.0,126.0,70,Medium,Low,High,High,Low
Burn It Down,Parker McCollum,Never Enough,2022,233869,4,0.0,1.0,2,-6.0,1,0.0,0.0,0.0,0.0,0.0,162.0,67,Medium,High,Low,High,Low
"Burn, Burn, Burn",Zach Bryan,"Burn, Burn, Burn",2022,268856,4,1.0,0.0,3,-11.0,1,0.0,1.0,0.0,0.0,0.0,83.0,82,High,Low,High,Medium,Low
Burnin' It Down,Jason Aldean,"Old Boots, New Dirt",2014,219160,4,1.0,1.0,6,-7.0,1,0.0,0.0,0.0,0.0,1.0,136.0,65,Medium,High,High,High,Low
bury a friend,Billie Eilish,"WHEN WE ALL FALL ASLEEP, WHERE DO WE GO?",2019,193143,4,1.0,0.0,8,-15.0,1,0.0,1.0,0.0,0.0,0.0,120.0,73,Medium,Low,High,Medium,Low
Buy Dirt,Jordan Davis,Buy Dirt,2021,167480,4,1.0,1.0,4,-7.0,1,0.0,1.0,0.0,0.0,0.0,178.0,80,High,High,High,High,Low
C U Girl,Steve Lacy,C U Girl,2022,129697,4,0.0,0.0,11,-9.0,0,0.0,1.0,0.0,0.0,0.0,100.0,81,High,Low,Low,High,Low
Call On Me,RAYE,Call On Me,2023,194880,4,1.0,1.0,0,-4.0,1,0.0,0.0,0.0,1.0,0.0,122.0,45,Low,High,High,High,High
Call Your Mom,Noah Kahan,Stick Season (We'll All Be Here Forever),2023,278670,4,0.0,0.0,0,-12.0,1,0.0,1.0,0.0,0.0,0.0,172.0,74,Medium,Low,Low,Medium,Low
Callaita,Bad Bunny,Un Verano Sin Ti,2019,250533,4,1.0,1.0,2,-5.0,1,0.0,1.0,0.0,0.0,0.0,176.0,76,Medium,High,High,High,Low
Calm Down,Rema,Calm Down,2022,219813,4,1.0,1.0,11,-6.0,1,0.0,0.0,0.0,0.0,1.0,107.0,73,Medium,High,High,High,Low
Camelot,NLE Choppa,Top Shotta,2020,148759,4,1.0,1.0,7,-5.0,1,0.0,0.0,0.0,1.0,1.0,175.0,71,Medium,High,High,High,High
Can't Feel My Face,The Weeknd,Beauty Behind The Madness,2015,213520,4,1.0,1.0,9,-6.0,0,0.0,0.0,0.0,0.0,1.0,108.0,81,High,High,High,High,Low
Can't Remember to Forget You (feat. Rihanna),Shakira,Shakira. (Expanded Edition) [Spanish Version],2014,206866,4,1.0,1.0,11,-4.0,0,0.0,0.0,0.0,0.0,1.0,138.0,74,Medium,High,High,High,Low
cardigan,Taylor Swift,folklore,2020,239560,4,1.0,1.0,0,-9.0,0,0.0,1.0,0.0,0.0,1.0,130.0,85,High,High,High,High,Low
Castle on the Hill,Ed Sheeran,ï¿½ (Deluxe),2017,261153,4,0.0,1.0,2,-5.0,1,0.0,0.0,0.0,0.0,0.0,135.0,78,Medium,High,Low,High,Low
Catalina,NLE Choppa,Catalina,2022,180000,4,1.0,1.0,10,-4.0,0,0.0,0.0,0.0,0.0,1.0,117.0,61,Medium,High,High,High,Low
Chasin' You,Morgan Wallen,If I Know Me,2018,205453,4,1.0,1.0,7,-6.0,1,0.0,1.0,0.0,0.0,0.0,97.0,79,Medium,High,High,High,Low
Chicken Fried,Zac Brown Band,The Foundation,2008,238146,4,1.0,1.0,6,-4.0,1,0.0,1.0,0.0,0.0,1.0,170.0,78,Medium,High,High,High,Low
Chillin' It,Cole Swindell,Cole Swindell,2013,196746,4,1.0,1.0,9,-3.0,1,0.0,1.0,0.0,0.0,1.0,138.0,64,Medium,High,High,High,Low
Chun-Li,Nicki Minaj,Queen,2018,191600,5,1.0,1.0,6,-5.0,0,0.0,0.0,0.0,0.0,0.0,129.0,66,Medium,High,High,High,Low
Clarity,Kim Petras,Clarity,2022,122872,4,1.0,1.0,3,-5.0,1,0.0,0.0,0.0,0.0,1.0,160.0,37,Low,High,High,High,Low
clouds,JVKE,clouds,2021,162615,4,1.0,1.0,11,-4.0,1,0.0,0.0,0.0,0.0,1.0,95.0,67,Medium,High,High,High,Low
Coconuts,Kim Petras,Coconuts,2022,168559,4,1.0,1.0,2,-5.0,0,0.0,0.0,0.0,0.0,0.0,112.0,52,Medium,High,High,High,Low
coffee,Miguel,Wildheart (Deluxe Version),2015,286573,4,1.0,1.0,10,-7.0,0,0.0,0.0,0.0,0.0,0.0,81.0,64,Medium,High,High,High,Low
Cold As You,Luke Combs,What You See Ain't Always What You Get (Deluxe Edition),2021,186106,4,1.0,1.0,6,-5.0,1,0.0,0.0,0.0,0.0,0.0,144.0,66,Medium,High,High,High,Low
Colder Weather,Zac Brown Band,You Get What You Give,2010,273893,4,1.0,0.0,3,-7.0,1,0.0,0.0,0.0,0.0,0.0,136.0,69,Medium,Low,High,High,Low
Come & Get It,Selena Gomez,Stars Dance (Bonus Track Version),2013,231986,4,1.0,1.0,7,-4.0,0,0.0,0.0,0.0,0.0,1.0,80.0,69,Medium,High,High,High,Low
Con Tus Besos,Eslabon Armado,Tu Veneno Mortal,2023,226821,3,1.0,1.0,6,-8.0,0,0.0,0.0,0.0,0.0,1.0,102.0,71,Medium,High,High,High,Low
Confidence,RAYE,Side Tape,2023,170666,4,1.0,1.0,8,-4.0,0,0.0,0.0,0.0,0.0,1.0,103.0,44,Low,High,High,High,Low
CONTIGO (with Tiï¿½sto),KAROL G,CONTIGO (with Tiï¿½sto),2023,192786,4,1.0,1.0,5,-8.0,1,0.0,0.0,0.0,0.0,0.0,122.0,82,High,High,High,High,Low
Cookie,NewJeans,NewJeans 1st EP 'New Jeans',2022,235562,4,1.0,1.0,0,-4.0,1,0.0,0.0,0.0,0.0,1.0,157.0,72,Medium,High,High,High,Low
Cool Again,Kane Brown,Cool Again,2020,164668,4,1.0,1.0,4,-5.0,1,0.0,0.0,0.0,0.0,1.0,90.0,52,Medium,High,High,High,Low
Cool Anymore,Jordan Davis,Cool Anymore,2022,200415,4,1.0,1.0,7,-5.0,1,0.0,0.0,0.0,0.0,1.0,156.0,48,Low,High,High,High,Low
Cool With You,NewJeans,NewJeans 2nd EP 'Get Up',2023,147880,4,1.0,1.0,5,-7.0,0,0.0,1.0,0.0,0.0,1.0,135.0,74,Medium,High,High,High,Low
Cover Me Up,Morgan Wallen,Dangerous: The Double Album,2020,293706,3,1.0,0.0,7,-8.0,1,0.0,0.0,0.0,0.0,0.0,128.0,73,Medium,Low,High,High,Low
Crazy,Doechii,Crazy,2023,134116,4,1.0,1.0,1,-4.0,1,0.0,0.0,0.0,0.0,0.0,129.0,51,Medium,High,High,High,Low
Crazy In Love (feat. Jay-Z),Beyoncï¿½,Dangerously In Love,2003,236133,4,1.0,1.0,2,-7.0,0,0.0,0.0,0.0,0.0,1.0,99.0,79,Medium,High,High,High,Low
Crazy Town,Jason Aldean,Wide Open,2009,183440,4,0.0,1.0,6,-3.0,1,0.0,0.0,0.0,0.0,0.0,181.0,55,Medium,High,Low,High,Low
CRAZYZ,Fuerza Regida,Pa las Baby's Y Belikeada,2023,204815,3,1.0,1.0,4,-7.0,0,0.0,0.0,0.0,0.0,1.0,126.0,79,Medium,High,High,High,Low
Creature,Jelly Roll,A Beautiful Disaster,2023,239592,4,1.0,1.0,8,-9.0,1,0.0,0.0,0.0,0.0,0.0,140.0,65,Medium,High,High,High,Low
Cuban Links (feat. Kevin Gates),Rod Wave,Ghetto Gospel,2023,192182,4,1.0,1.0,5,-9.0,1,0.0,0.0,0.0,0.0,1.0,88.0,57,Medium,High,High,High,Low
Cuz I Love You,Lizzo,Cuz I Love You,2019,179978,3,1.0,1.0,1,-4.0,1,0.0,0.0,0.0,0.0,1.0,162.0,53,Medium,High,High,High,Low
Dancin? In The Country,Tyler Hubbard,Tyler Hubbard,2023,179640,4,1.0,1.0,7,-5.0,1,0.0,0.0,0.0,0.0,1.0,115.0,72,Medium,High,High,High,Low
Dancing With A Stranger (with Normani),Sam Smith,Love Goes,2019,171029,4,1.0,1.0,8,-8.0,1,0.0,0.0,0.0,0.0,0.0,103.0,76,Medium,High,High,High,Low
Dancing With The Devil,Jelly Roll,Whitsitt Chapel,2021,217360,3,0.0,1.0,9,-5.0,1,0.0,0.0,0.0,0.0,0.0,180.0,52,Medium,High,Low,High,Low
Dangerous Woman,Ariana Grande,Dangerous Woman,2016,235946,3,1.0,1.0,4,-5.0,0,0.0,0.0,0.0,0.0,0.0,134.0,70,Medium,High,High,High,Low
Dark Red,Steve Lacy,Dark Red,2017,173104,4,1.0,1.0,6,-4.0,1,0.0,0.0,0.0,0.0,1.0,172.0,86,High,High,High,High,Low
Dawns (feat. Maggie Rogers),Zach Bryan,Dawns (feat. Maggie Rogers),2023,290892,4,0.0,0.0,0,-8.0,1,0.0,1.0,0.0,0.0,0.0,123.0,78,Medium,Low,Low,High,Low
Daylight,David Kushner,Daylight,2023,212953,4,1.0,0.0,2,-9.0,0,0.0,1.0,0.0,0.0,0.0,130.0,87,High,Low,High,High,Low
Dear Future Husband,Meghan Trainor,Title (Deluxe),2015,184226,4,1.0,1.0,1,-5.0,1,0.0,0.0,0.0,0.0,1.0,79.0,77,Medium,High,High,High,Low
Deja Vu,J. Cole,4 Your Eyez Only,2018,264746,4,1.0,0.0,9,-11.0,1,0.0,0.0,0.0,0.0,0.0,174.0,67,Medium,Low,High,Medium,Low
deja vu,Olivia Rodrigo,SOUR,2021,215506,4,0.0,1.0,2,-7.0,1,0.0,1.0,0.0,0.0,0.0,181.0,84,High,High,Low,High,Low
Deli,Ice Spice,Like..? (Deluxe),2023,126857,4,1.0,1.0,1,-6.0,1,0.0,0.0,0.0,0.0,0.0,140.0,73,Medium,High,High,High,Low
Delicate,Taylor Swift,reputation,2018,232253,4,1.0,0.0,9,-10.0,0,0.0,0.0,0.0,0.0,0.0,95.0,81,High,Low,High,High,Low
Dï¿½KITI,Bad Bunny,EL ï¿½LTIMO TOUR DEL MUNDO,2020,205090,4,1.0,1.0,4,-10.0,0,0.0,0.0,0.0,0.0,0.0,110.0,77,Medium,High,High,High,Low
Dial Drunk (with Post Malone),Noah Kahan,Dial Drunk (with Post Malone),2023,213817,4,1.0,1.0,8,-7.0,1,0.0,0.0,0.0,0.0,1.0,112.0,83,High,High,High,High,Low
Diamonds,Rihanna,Unapologetic (Edited Version),2012,225146,4,1.0,1.0,11,-5.0,0,0.0,0.0,0.0,0.0,0.0,92.0,71,Medium,High,High,High,Low
Did It First (with Central Cee),Ice Spice,Did It First (with Central Cee),2023,118002,4,1.0,1.0,1,-7.0,1,0.0,0.0,0.0,0.0,1.0,154.0,86,High,High,High,High,Low
Die With A Smile,Lady Gaga,Die With A Smile,2020,251667,3,1.0,1.0,6,-8.0,0,0.0,0.0,0.0,0.0,1.0,158.0,86,High,High,High,High,Low
Dirt Cheap,Cody Johnson,Leather,2022,239346,4,1.0,1.0,1,-6.0,1,0.0,0.0,0.0,0.0,0.0,120.0,74,Medium,High,High,High,Low
Dirt Road Anthem,Jason Aldean,My Kinda Party,2011,229400,4,1.0,1.0,2,-5.0,1,0.0,0.0,0.0,0.0,1.0,127.0,72,Medium,High,High,High,Low
Ditto,NewJeans,Ditto,2022,185506,4,1.0,1.0,6,-6.0,0,0.0,0.0,0.0,0.0,0.0,134.0,78,Medium,High,High,High,Low
Do You Miss Me?,PinkPantheress,Do you miss me?,2023,128853,4,1.0,1.0,11,-7.0,0,0.0,0.0,0.0,0.0,1.0,130.0,56,Medium,High,High,High,Low
Do You...,Miguel,Kaleidoscope Dream,2015,207920,4,1.0,1.0,11,-6.0,1,0.0,0.0,0.0,0.0,0.0,148.0,47,Low,High,High,High,Low
DOLLAZ ON MY HEAD (feat. Young Thug),Gunna,WUNNA,2021,197760,4,1.0,0.0,0,-7.0,1,0.0,0.0,0.0,0.0,0.0,145.0,68,Medium,Low,High,High,Low
Don't Start Now,Dua Lipa,Future Nostalgia,2019,183290,4,1.0,1.0,11,-5.0,0,0.0,0.0,0.0,0.0,1.0,124.0,84,High,High,High,High,Low
Don't Stop The Music,Rihanna,Good Girl Gone Bad,2007,267080,4,1.0,1.0,6,-6.0,0,0.0,0.0,0.0,0.0,1.0,123.0,71,Medium,High,High,High,Low
Double Back,Coco Jones,What I Didn?t Tell You (Deluxe),2023,159244,4,1.0,1.0,4,-5.0,0,0.0,0.0,0.0,0.0,0.0,80.0,55,Medium,High,High,High,Low
Dreamers [Music from the FIFA World Cup Qatar 2022 Official Soundtrack],Jung Kook,Dreamers [Music from the FIFA World Cup Qatar 2022 Official Soundtrack],2022,201391,4,1.0,1.0,0,-4.0,1,0.0,0.0,0.0,0.0,0.0,115.0,71,Medium,High,High,High,Low
Drip (feat. Migos),Cardi B,Invasion of Privacy,2018,262308,4,1.0,1.0,11,-8.0,1,0.0,0.0,0.0,0.0,0.0,130.0,54,Medium,High,High,High,Low
drivers license,Olivia Rodrigo,SOUR,2021,242013,4,1.0,0.0,10,-9.0,1,0.0,1.0,0.0,0.0,0.0,144.0,83,High,Low,High,High,Low
Drunk in Love (feat. Jay-Z),Beyoncï¿½,BEYONCï¿½ [Platinum Edition],2013,323480,4,1.0,1.0,5,-7.0,0,0.0,0.0,0.0,0.0,0.0,140.0,71,Medium,High,High,High,Low
Dumebi,Rema,Rema,2019,179775,4,1.0,1.0,3,-5.0,0,0.0,0.0,0.0,0.0,1.0,110.0,65,Medium,High,High,High,Low
Earned It (Fifty Shades Of Grey),The Weeknd,Beauty Behind The Madness,2015,277680,3,1.0,0.0,2,-8.0,0,0.0,0.0,0.0,0.0,0.0,120.0,72,Medium,Low,High,High,Low
El Belicon,Peso Pluma,El Belicï¿½n,2023,214397,3,0.0,1.0,8,-7.0,1,0.0,0.0,0.0,0.0,1.0,97.0,67,Medium,High,Low,High,Low
EL MAKINON,KAROL G,KG0516,2021,209160,4,1.0,1.0,5,-3.0,0,0.0,0.0,0.0,0.0,0.0,89.0,74,Medium,High,High,High,Low
Empire,Shakira,Shakira. (Expanded Edition),2014,239333,4,1.0,1.0,0,-5.0,0,0.0,1.0,0.0,0.0,0.0,80.0,45,Low,High,High,High,Low
enough for you,Olivia Rodrigo,SOUR,2021,202826,4,1.0,0.0,7,-11.0,1,0.0,1.0,0.0,0.0,0.0,88.0,75,Medium,Low,High,Medium,Low
Esa Nena,Yng Lvcas,Esa Nena,2023,197647,4,1.0,1.0,0,-5.0,0,0.0,0.0,0.0,0.0,1.0,170.0,47,Low,High,High,High,Low
Escapism.,RAYE,My 21st Century Blues,2023,272373,4,1.0,1.0,2,-5.0,1,0.0,0.0,0.0,0.0,0.0,96.0,78,Medium,High,High,High,Low
Espresso,Sabrina Carpenter,Espresso,2023,175459,4,1.0,1.0,0,-5.0,1,0.0,0.0,0.0,0.0,1.0,104.0,98,High,High,High,High,Low
Evangeline,Stephen Sanchez,Angel Face,2022,177677,4,0.0,1.0,3,-7.0,1,0.0,0.0,0.0,0.0,0.0,109.0,66,Medium,High,Low,High,Low
everything i wanted,Billie Eilish,everything i wanted,2019,245425,4,1.0,0.0,6,-14.0,0,0.0,1.0,1.0,0.0,0.0,120.0,82,High,Low,High,Medium,Low
Everything to Lose,Old Dominion,Old Dominion,2022,190680,4,1.0,1.0,7,-5.0,1,0.0,1.0,0.0,0.0,1.0,172.0,31,Low,High,High,High,Low
Extssy Model,Junior H,Mi Vida En Un Cigarro 2,2023,240654,3,1.0,1.0,4,-5.0,0,0.0,0.0,0.0,0.0,0.0,93.0,81,High,High,High,High,Low
Fall In Love,Bailey Zimmerman,Religiously. The Album.,2023,232058,4,1.0,1.0,9,-6.0,1,0.0,0.0,0.0,0.0,0.0,136.0,75,Medium,High,High,High,Low
Falling,Harry Styles,Fine Line,2020,240133,4,1.0,0.0,4,-7.0,1,0.0,1.0,0.0,0.0,0.0,110.0,79,Medium,Low,High,High,Low
False Prophets,J. Cole,False Prophets,2016,237426,4,1.0,1.0,8,-10.0,0,0.0,1.0,0.0,0.0,1.0,90.0,55,Medium,High,High,High,Low
Fantasy (feat. Don Toliver),Kali Uchis,Red Moon In Venus,2022,178274,4,1.0,1.0,6,-6.0,1,0.0,0.0,0.0,0.0,0.0,104.0,66,Medium,High,High,High,Low
favorite crime,Olivia Rodrigo,SOUR,2021,152666,4,0.0,0.0,9,-10.0,1,0.0,1.0,0.0,0.0,0.0,173.0,83,High,Low,Low,High,Low
Favorite Song,Toosii,NAUJOUR,2022,204000,4,1.0,0.0,2,-9.0,1,0.0,0.0,0.0,0.0,0.0,116.0,66,Medium,Low,High,High,Low
Favorite Song (feat. Future) [Toxic Version],Toosii,Favorite Song (feat. Future) [Toxic Version],2022,208621,4,1.0,0.0,2,-9.0,1,0.0,0.0,0.0,0.0,0.0,116.0,48,Low,Low,High,High,Low
Final Warning,NLE Choppa,Final Warning,2021,156894,4,1.0,1.0,11,-3.0,1,0.0,0.0,0.0,0.0,1.0,81.0,62,Medium,High,High,High,Low
Fine China,Chris Brown,X (Expanded Edition),2019,213200,4,1.0,1.0,10,-5.0,0,0.0,0.0,0.0,0.0,1.0,104.0,61,Medium,High,High,High,Low
Flowers,Miley Cyrus,Endless Summer Vacation,2023,200600,4,1.0,1.0,0,-5.0,1,0.0,0.0,0.0,0.0,1.0,118.0,88,High,High,High,High,Low
Fly,Nicki Minaj,Pink Friday,2010,212920,4,1.0,1.0,10,-5.0,1,0.0,0.0,0.0,0.0,0.0,120.0,60,Medium,High,High,High,Low
Forever,Chris Brown,Forever,2019,278573,4,1.0,1.0,11,-4.0,1,0.0,0.0,0.0,0.0,0.0,120.0,76,Medium,High,High,High,Low
Forever,Noah Kahan,Stick Season (Forever),2023,268353,4,0.0,0.0,0,-11.0,1,0.0,1.0,0.0,0.0,0.0,94.0,77,Medium,Low,Low,Medium,Low
Forever After All,Luke Combs,What You See Ain't Always What You Get (Deluxe Edition),2020,232533,4,0.0,1.0,0,-5.0,1,0.0,0.0,0.0,0.0,0.0,152.0,77,Medium,High,Low,High,Low
Forever To Me,Cole Swindell,Forever To Me,2019,179666,4,1.0,1.0,10,-8.0,1,0.0,0.0,0.0,0.0,0.0,154.0,60,Medium,High,High,High,Low
Formation,Beyoncï¿½,Lemonade,2016,206080,4,1.0,1.0,5,-7.0,0,0.0,0.0,0.0,0.0,1.0,122.0,68,Medium,High,High,High,Low
Fuk You Mean,Toosii,Fuk You Mean,2022,176363,4,1.0,0.0,3,-11.0,0,0.0,1.0,0.0,0.0,0.0,132.0,62,Medium,Low,High,Medium,Low
Future Starts Now,Kim Petras,Future Starts Now,2022,279270,4,1.0,1.0,6,-4.0,1,0.0,0.0,0.0,0.0,0.0,120.0,46,Low,High,High,High,Low
Galway Girl,Ed Sheeran,ï¿½ (Deluxe),2017,170826,4,1.0,1.0,9,-3.0,1,0.0,0.0,0.0,0.0,1.0,100.0,77,Medium,High,High,High,Low
Garden (Say It Like Dat),SZA,Ctrl,2017,208400,4,1.0,0.0,9,-7.0,1,0.0,0.0,0.0,0.0,1.0,111.0,68,Medium,Low,High,High,Low
GATï¿½BELA,KAROL G,GATï¿½BELA,2022,209160,4,1.0,1.0,11,-3.0,0,0.0,0.0,0.0,0.0,0.0,93.0,71,Medium,High,High,High,Low
GATITA GANGSTER,KAROL G,MAï¿½ANA SERï¿½ BONITO (BICHOTA SEASON),2023,170920,4,1.0,1.0,10,-5.0,0,0.0,0.0,0.0,0.0,1.0,97.0,75,Medium,High,High,High,Low
Get to Gettin? Gone,Bailey Zimmerman,Religiously. The Album.,2022,182465,4,1.0,1.0,6,-7.0,1,0.0,0.0,0.0,0.0,1.0,146.0,64,Medium,High,High,High,Low
Get Up,NewJeans,NewJeans 2nd EP 'Get Up',2023,36226,3,1.0,1.0,5,-7.0,1,0.0,1.0,0.0,0.0,1.0,85.0,71,Medium,High,High,High,Low
Ginger Me,Rema,Ginger Me,2023,205892,5,1.0,1.0,8,-8.0,0,0.0,0.0,0.0,0.0,1.0,200.0,49,Low,High,High,High,Low
GIVE HEAVEN SOME HELL,HARDY,A ROCK,2021,217801,4,1.0,1.0,11,-5.0,1,0.0,0.0,0.0,0.0,1.0,126.0,70,Medium,High,High,High,Low
Giza,Natanael Cano,Giza,2021,177580,3,1.0,1.0,5,-5.0,0,0.0,0.0,0.0,0.0,1.0,124.0,83,High,High,High,High,Low
God is a woman,Ariana Grande,Sweetener,2018,197546,4,1.0,1.0,1,-6.0,1,0.0,0.0,0.0,0.0,0.0,145.0,75,Medium,High,High,High,Low
God Speed,Zach Bryan,DeAnn,2022,253359,4,1.0,0.0,0,-15.0,1,0.0,1.0,0.0,0.0,0.0,79.0,71,Medium,Low,High,Medium,Low
Golden,Harry Styles,Fine Line,2020,208906,4,0.0,1.0,4,-5.0,0,0.0,0.0,0.0,0.0,0.0,140.0,74,Medium,High,Low,High,Low
golden hour,JVKE,this is what falling in love feels like (554Hz),2021,209259,3,1.0,1.0,4,-5.0,1,0.0,1.0,0.0,0.0,0.0,94.0,77,Medium,High,High,High,Low
good 4 u,Olivia Rodrigo,SOUR,2021,178146,4,1.0,1.0,9,-5.0,1,0.0,0.0,0.0,0.0,1.0,167.0,83,High,High,High,High,Low
Good as Hell,Lizzo,Cuz I Love You (Super Deluxe),2016,159735,4,1.0,1.0,0,-3.0,0,0.0,0.0,0.0,0.0,1.0,96.0,70,Medium,High,High,High,Low
Good as You,Kane Brown,Experiment Extended,2018,192053,4,1.0,1.0,8,-6.0,1,0.0,0.0,0.0,0.0,1.0,154.0,62,Medium,High,High,High,Low
Good Days,SZA,Good Days,2020,279204,4,0.0,1.0,1,-8.0,0,0.0,0.0,0.0,1.0,0.0,121.0,76,Medium,High,Low,High,High
Good For You,Selena Gomez,Revival (Deluxe),2015,221280,4,1.0,1.0,5,-6.0,0,0.0,0.0,0.0,0.0,0.0,89.0,62,Medium,High,High,High,Low
Good To Be Alive,Meghan Trainor,The Peanuts Movie - Original Motion Picture Soundtrack,2016,228360,4,1.0,1.0,10,-5.0,1,0.0,0.0,0.0,0.0,1.0,200.0,48,Low,High,High,High,Low
Goodbye in Her Eyes,Zac Brown Band,Uncaged,2012,324266,4,0.0,1.0,3,-7.0,1,0.0,0.0,0.0,0.0,0.0,81.0,54,Medium,High,Low,High,Low
Great Gatsby,Rod Wave,Nostalgia,2022,146751,4,1.0,1.0,1,-9.0,0,0.0,0.0,0.0,0.0,0.0,157.0,69,Medium,High,High,High,Low
Hair Salon,Megan Moroney,Pistol Made of Roses,2023,224581,4,0.0,1.0,10,-6.0,1,0.0,0.0,0.0,0.0,0.0,138.0,59,Medium,High,Low,High,Low
Halo,Beyoncï¿½,I AM...SASHA FIERCE,2008,261640,4,1.0,1.0,11,-6.0,0,0.0,0.0,0.0,0.0,0.0,80.0,72,Medium,High,High,High,Low
Handle On You,Parker McCollum,Never Enough,2023,219967,4,1.0,1.0,6,-4.0,1,0.0,0.0,0.0,0.0,1.0,105.0,67,Medium,High,High,High,Low
Hands To Myself,Selena Gomez,Revival (Deluxe),2016,200680,4,1.0,1.0,5,-7.0,0,0.0,0.0,0.0,0.0,0.0,111.0,63,Medium,High,High,High,Low
Hang Tight Honey,Lainey Wilson,Hang Tight Honey,2023,189786,4,0.0,1.0,0,-5.0,1,0.0,0.0,0.0,1.0,1.0,172.0,69,Medium,High,Low,High,High
Happier,Ed Sheeran,ï¿½ (Deluxe),2018,207520,4,1.0,0.0,0,-7.0,1,0.0,1.0,0.0,0.0,0.0,90.0,75,Medium,Low,High,High,Low
happier,Olivia Rodrigo,SOUR,2021,175933,3,0.0,0.0,6,-10.0,1,0.0,1.0,0.0,0.0,0.0,169.0,82,High,Low,Low,High,Low
HASTA LA MUERTE,Eslabon Armado,NOSTALGIA,2022,209902,3,1.0,1.0,11,-4.0,1,0.0,0.0,0.0,0.0,0.0,170.0,74,Medium,High,High,High,Low
Hate CD,Steve Lacy,Apollo XXI,2022,160182,4,1.0,1.0,0,-7.0,1,0.0,0.0,0.0,0.0,1.0,108.0,49,Low,High,High,High,Low
Heading South,Zach Bryan,Heading South,2020,171692,4,1.0,0.0,4,-14.0,1,0.0,1.0,0.0,0.0,0.0,110.0,86,High,Low,High,Medium,Low
Heart Like A Truck,Lainey Wilson,Bell Bottom Country,2022,199040,4,1.0,1.0,9,-5.0,1,0.0,0.0,0.0,0.0,0.0,140.0,73,Medium,High,High,High,Low
Heart On Ice,Rod Wave,PTSD,2020,159669,3,1.0,0.0,10,-8.0,0,0.0,0.0,0.0,0.0,0.0,158.0,68,Medium,Low,High,High,Low
Heart to Break,Kim Petras,Heart to Break,2018,225972,4,1.0,1.0,11,-5.0,1,0.0,0.0,0.0,0.0,1.0,109.0,56,Medium,High,High,High,Low
Heartless,The Weeknd,After Hours,2019,198266,4,1.0,1.0,10,-6.0,0,0.0,0.0,0.0,0.0,0.0,170.0,77,Medium,High,High,High,Low
Heaven,Kane Brown,Kane Brown (Deluxe Edition),2018,179506,4,1.0,1.0,9,-7.0,1,0.0,0.0,0.0,0.0,1.0,80.0,71,Medium,High,High,High,Low
Hell of a Year,Parker McCollum,Probably Wrong,2022,232653,4,1.0,0.0,0,-8.0,0,0.0,0.0,0.0,0.0,0.0,98.0,68,Medium,Low,High,High,Low
Here We Go (Uh Oh),Coco Jones,Here We Go (Uh Oh),2023,216507,3,0.0,1.0,3,-2.0,0,0.0,0.0,0.0,0.0,0.0,177.0,65,Medium,High,Low,High,Low
Here With Me,d4vd,Petals to Thorns,2022,242484,4,1.0,0.0,4,-9.0,1,0.0,1.0,0.0,0.0,0.0,132.0,84,High,Low,High,High,Low
Hero,David Kushner,Hero,2023,206218,1,0.0,0.0,1,-8.0,1,0.0,1.0,0.0,0.0,0.0,99.0,66,Medium,Low,Low,High,Low
Hey Girl,Stephen Sanchez,Easy On My Eyes,2022,185906,4,0.0,1.0,6,-8.0,0,0.0,1.0,0.0,0.0,0.0,122.0,62,Medium,High,Low,High,Low
"Hey Mama (feat. Nicki Minaj, Bebe Rexha & Afrojack)",David Guetta,Listen (Deluxe),2015,192560,4,1.0,1.0,9,-4.0,1,0.0,0.0,0.0,0.0,1.0,86.0,62,Medium,High,High,High,Low
Hicktown,Jason Aldean,Jason Aldean,2005,306026,4,1.0,1.0,6,-4.0,1,0.0,0.0,0.0,0.0,1.0,122.0,58,Medium,High,High,High,Low
High,Stephen Sanchez,Angel Face,2023,161567,4,0.0,1.0,6,-8.0,0,0.0,0.0,0.0,0.0,0.0,176.0,75,Medium,High,Low,High,Low
Highway 20 Ride,Zac Brown Band,The Foundation,2008,229280,4,1.0,0.0,3,-7.0,1,0.0,1.0,0.0,0.0,0.0,76.0,59,Medium,Low,High,High,Low
Hips Don't Lie (feat. Wyclef Jean),Shakira,"Oral Fixation, Vol. 2 (Expanded Edition)",2006,218093,4,1.0,1.0,10,-6.0,0,0.0,0.0,0.0,0.0,1.0,100.0,87,High,High,High,High,Low
Hit Different,SZA,Hit Different,2020,202007,4,1.0,1.0,0,-6.0,0,0.0,0.0,0.0,0.0,1.0,120.0,68,Medium,High,High,High,Low
Homegrown,Zac Brown Band,JEKYLL + HYDE,2015,205000,4,1.0,1.0,6,-4.0,1,0.0,0.0,0.0,0.0,1.0,105.0,69,Medium,High,High,High,Low
Homesick,Kane Brown,Experiment Extended,2018,205400,4,1.0,1.0,8,-9.0,1,0.0,0.0,0.0,0.0,0.0,97.0,61,Medium,High,High,High,Low
Homesick,Noah Kahan,Stick Season,2023,194416,4,1.0,1.0,6,-7.0,1,0.0,0.0,0.0,0.0,0.0,170.0,73,Medium,High,High,High,Low
Hotel Key,Old Dominion,Happy Endings,2018,166573,4,1.0,1.0,11,-5.0,1,0.0,0.0,0.0,0.0,1.0,102.0,68,Medium,High,High,High,Low
How Do You Sleep?,Sam Smith,How Do You Sleep?,2019,202204,4,1.0,1.0,1,-5.0,0,0.0,0.0,0.0,0.0,0.0,166.0,67,Medium,High,High,High,Low
How Many Drinks?,Miguel,Kaleidoscope Dream,2012,272986,4,0.0,1.0,0,-7.0,0,0.0,0.0,0.0,0.0,0.0,82.0,62,Medium,High,Low,High,Low
Human,Cody Johnson,Human The Double Album,2021,221520,4,0.0,1.0,2,-7.0,1,0.0,0.0,0.0,0.0,0.0,84.0,67,Medium,High,Low,High,Low
Hurricane,Luke Combs,This One's for You,2021,222533,4,0.0,1.0,10,-6.0,1,0.0,0.0,0.0,0.0,1.0,76.0,78,Medium,High,Low,High,Low
Hurt,NewJeans,NewJeans 1st EP 'New Jeans',2023,177946,4,1.0,0.0,10,-7.0,0,0.0,1.0,0.0,0.0,1.0,180.0,73,Medium,Low,High,High,Low
Hype Boy,NewJeans,NewJeans 1st EP 'New Jeans',2022,179026,4,1.0,1.0,4,-3.0,0,0.0,0.0,0.0,0.0,1.0,100.0,79,Medium,High,High,High,Low
I Ain't Going Nowhere,Parker McCollum,I Ain't Going Nowhere,2023,204489,4,1.0,1.0,4,-5.0,1,0.0,0.0,0.0,0.0,0.0,128.0,40,Low,High,High,High,Low
I Don't Care (with Justin Bieber),Ed Sheeran,I Don't Care (with Justin Bieber),2019,219946,4,1.0,1.0,6,-5.0,1,0.0,0.0,0.0,0.0,1.0,102.0,74,Medium,High,High,High,Low
I Don't Want It At All,Kim Petras,I Don't Want It At All,2018,250615,4,1.0,1.0,6,-4.0,0,0.0,0.0,0.0,0.0,1.0,110.0,48,Low,High,High,High,Low
I Hate U,SZA,SOS,2021,173906,5,1.0,0.0,7,-9.0,0,0.0,1.0,0.0,0.0,0.0,107.0,70,Medium,Low,High,High,Low
I Like It,Cardi B,Invasion of Privacy,2018,253390,4,1.0,1.0,5,-4.0,0,0.0,0.0,0.0,0.0,1.0,136.0,77,Medium,High,High,High,Low
I Must Apologise,PinkPantheress,to hell with it,2023,108373,4,1.0,1.0,9,-6.0,1,0.0,1.0,0.0,0.0,1.0,157.0,72,Medium,High,High,High,Low
I Remember Everything (feat. Kacey Musgraves),Zach Bryan,Zach Bryan,2022,227195,4,0.0,0.0,0,-8.0,1,0.0,1.0,0.0,0.0,0.0,78.0,89,High,Low,Low,High,Low
I Want to go Home,Oliver Anthony Music,I Want to go Home,2023,170971,4,1.0,0.0,8,-13.0,1,0.0,1.0,0.0,0.0,0.0,105.0,60,Medium,Low,High,Medium,Low
I'm a Mess,Bebe Rexha,Expectations,2018,195519,4,1.0,1.0,11,-6.0,0,0.0,0.0,0.0,0.0,0.0,97.0,70,Medium,High,High,High,Low
I'm Gonna Let Her,Cole Swindell,I'm Gonna Let Her,2018,176666,4,0.0,1.0,7,-5.0,1,0.0,0.0,0.0,0.0,0.0,79.0,29,Low,High,Low,High,Low
I'm Not Pretty,Megan Moroney,Lucky,2022,181066,4,1.0,1.0,10,-6.0,1,0.0,0.0,0.0,0.0,1.0,128.0,73,Medium,High,High,High,Low
I'm Not The Only One,Sam Smith,In The Lonely Hour,2014,239316,4,1.0,0.0,5,-6.0,1,0.0,1.0,0.0,0.0,0.0,82.0,83,High,Low,High,High,Low
ICU,Coco Jones,What I Didn?t Tell You (Deluxe),2022,241624,3,1.0,0.0,8,-7.0,1,0.0,1.0,0.0,0.0,0.0,125.0,65,Medium,Low,High,High,Low
IDGAF,Dua Lipa,Dua Lipa (Deluxe),2018,217946,4,1.0,1.0,7,-6.0,1,0.0,0.0,0.0,0.0,1.0,97.0,79,Medium,High,High,High,Low
idontwannabeyouanymore,Billie Eilish,dont smile at me,2017,203569,3,0.0,0.0,7,-8.0,1,0.0,1.0,0.0,0.0,0.0,170.0,77,Medium,Low,Low,High,Low
If I Were a Boy,Beyoncï¿½,I AM...SASHA FIERCE,2008,249146,4,1.0,1.0,6,-6.0,1,0.0,0.0,0.0,0.0,0.0,90.0,64,Medium,High,High,High,Low
If She Wants a Cowboy,Zach Bryan,American Heartbreak,2023,192293,4,1.0,1.0,7,-3.0,1,0.0,0.0,0.0,0.0,1.0,134.0,63,Medium,High,High,High,Low
In Ha Mood,Ice Spice,In Ha Mood,2022,129360,4,1.0,1.0,0,-7.0,1,0.0,1.0,0.0,0.0,1.0,141.0,67,Medium,High,High,High,Low
In The Night,The Weeknd,Beauty Behind The Madness,2015,235653,3,1.0,1.0,7,-5.0,1,0.0,0.0,0.0,0.0,1.0,168.0,72,Medium,High,High,High,Low
India,Lil Durk,Signed to the Streets 2.5,2019,264862,4,1.0,1.0,1,-7.0,1,0.0,0.0,0.0,0.0,0.0,145.0,54,Medium,High,High,High,Low
Indifferent,Megan Moroney,Am I Okay?,2023,176022,3,1.0,1.0,6,-6.0,1,0.0,0.0,0.0,0.0,1.0,107.0,70,Medium,High,High,High,Low
Into You,Ariana Grande,Dangerous Woman,2016,244453,4,1.0,1.0,9,-6.0,1,0.0,0.0,0.0,0.0,0.0,108.0,71,Medium,High,High,High,Low
Iron Man,Rema,Rema,2023,201693,4,1.0,1.0,11,-4.0,0,0.0,1.0,0.0,0.0,1.0,100.0,48,Low,High,High,High,Low
Irreplaceable,Beyoncï¿½,B'Day Deluxe Edition,2006,227853,4,0.0,1.0,7,-5.0,0,0.0,0.0,0.0,0.0,1.0,176.0,69,Medium,High,Low,High,Low
"jealousy, jealousy",Olivia Rodrigo,SOUR,2021,173160,4,1.0,1.0,10,-6.0,0,0.0,0.0,0.0,0.0,1.0,164.0,82,High,High,High,High,Low
Juice,Lizzo,Cuz I Love You,2019,194935,4,1.0,1.0,0,-3.0,1,0.0,0.0,0.0,0.0,1.0,120.0,37,Low,High,High,High,Low
Juice - Breakbot Mix,Lizzo,Sunlight Dance,2019,172453,4,1.0,1.0,0,-6.0,1,0.0,0.0,0.0,0.0,1.0,120.0,0,Low,High,High,High,Low
Juicy,Doja Cat,Hot Pink,2019,203093,4,1.0,1.0,0,-3.0,1,0.0,0.0,0.0,0.0,0.0,170.0,67,Medium,High,High,High,Low
Jump Right In,Zac Brown Band,Uncaged,2013,180813,4,1.0,1.0,1,-5.0,1,0.0,0.0,0.0,0.0,1.0,104.0,58,Medium,High,High,High,Low
Just for Me,PinkPantheress,to hell with it,2022,116213,4,1.0,1.0,0,-8.0,1,0.0,1.0,0.0,0.0,1.0,133.0,64,Medium,High,High,High,Low
Kill Bill,SZA,SOS,2023,153946,4,1.0,1.0,8,-6.0,1,0.0,0.0,0.0,0.0,0.0,89.0,79,Medium,High,High,High,Low
Kiss Kiss (feat. T-Pain),Chris Brown,Exclusive (Expanded Edition),2008,250666,3,1.0,1.0,10,-3.0,0,0.0,0.0,0.0,0.0,1.0,140.0,74,Medium,High,High,High,Low
Kiss Me More (feat. SZA),Doja Cat,Planet Her,2021,208666,4,1.0,1.0,8,-3.0,1,0.0,0.0,0.0,0.0,1.0,111.0,81,High,High,High,High,Low
Kiwi,Harry Styles,Harry Styles,2017,176386,4,0.0,1.0,2,-3.0,1,0.0,0.0,0.0,0.0,0.0,147.0,69,Medium,High,Low,High,Low
Knee Deep (feat. Jimmy Buffett),Zac Brown Band,You Get What You Give,2010,203173,4,1.0,1.0,8,-8.0,1,0.0,0.0,0.0,0.0,1.0,91.0,75,Medium,High,High,High,Low
La Bebe,Yng Lvcas,LPM,2022,223992,4,1.0,0.0,7,-8.0,0,0.0,1.0,0.0,0.0,1.0,170.0,68,Medium,Low,High,High,Low
La Bebe - Remix,Yng Lvcas,La Bebe (Remix),2022,234352,4,1.0,0.0,2,-6.0,0,0.0,0.0,0.0,0.0,1.0,170.0,84,High,Low,High,High,Low
LA CANCIï¿½N,J Balvin,OASIS,2019,242573,4,1.0,1.0,7,-6.0,1,0.0,0.0,0.0,0.0,0.0,176.0,84,High,High,High,High,Low
La Tortura (feat. Alejandro Sanz),Shakira,"Fijaciï¿½n Oral, Vol. 1",2005,212893,4,1.0,1.0,0,-5.0,1,0.0,0.0,0.0,0.0,1.0,100.0,75,Medium,High,High,High,Low
Lady,Rema,Bad Commando,2023,213375,4,1.0,1.0,0,-7.0,1,0.0,0.0,0.0,0.0,1.0,120.0,42,Low,High,High,High,Low
Lay Me Down,Sam Smith,In The Lonely Hour,2015,253208,4,0.0,0.0,4,-9.0,1,0.0,1.0,0.0,0.0,0.0,119.0,70,Medium,Low,Low,High,Low
Letting Someone Go,Zach Bryan,DeAnn,2022,239761,4,1.0,0.0,0,-15.0,1,0.0,1.0,0.0,0.0,0.0,84.0,65,Medium,Low,High,Medium,Low
Levitating,Dua Lipa,Future Nostalgia,2020,203807,4,1.0,1.0,6,-2.0,0,0.0,0.0,0.0,0.0,1.0,103.0,77,Medium,High,High,High,Low
Lights Up,Harry Styles,Fine Line,2019,172213,4,1.0,1.0,10,-8.0,0,0.0,0.0,0.0,0.0,0.0,102.0,69,Medium,High,High,High,Low
Like A Cowboy,Parker McCollum,Like A Cowboy,2022,226437,3,0.0,0.0,4,-7.0,1,0.0,1.0,0.0,0.0,0.0,125.0,56,Medium,Low,Low,High,Low
Like A Thug (feat. Lil Durk),Latto,777,2023,172137,4,1.0,1.0,3,-7.0,0,0.0,0.0,0.0,0.0,1.0,145.0,36,Low,High,High,High,Low
Like I'm Gonna Lose You (feat. John Legend),Meghan Trainor,Title (Deluxe),2015,225053,3,1.0,1.0,0,-7.0,1,0.0,0.0,0.0,0.0,0.0,108.0,78,Medium,High,High,High,Low
Lips Are Movin,Meghan Trainor,Title (Deluxe),2014,182666,4,1.0,1.0,7,-5.0,1,0.0,0.0,0.0,0.0,1.0,139.0,69,Medium,High,High,High,Low
Loca (feat. El Cata),Shakira,Sale el Sol,2010,183693,4,1.0,1.0,9,-6.0,0,0.0,0.0,0.0,0.0,1.0,112.0,69,Medium,High,High,High,Low
Log in,FIFTY FIFTY,The Beginning,2023,231291,4,1.0,1.0,2,-8.0,1,0.0,0.0,0.0,0.0,0.0,132.0,28,Low,High,High,High,Low
Long Gone,Oliver Anthony Music,Long Gone,2023,142186,4,1.0,0.0,4,-11.0,1,0.0,1.0,0.0,0.0,0.0,95.0,46,Low,Low,High,Medium,Low
Long Haired Country Boy (feat. The Rockin' CJB),Cody Johnson,Ain't Nothin' to It,2023,257079,4,1.0,1.0,6,-5.0,1,0.0,0.0,0.0,0.0,1.0,89.0,53,Medium,High,High,High,Low
Lose It,Kane Brown,Experiment Extended,2018,178986,4,1.0,1.0,4,-5.0,0,0.0,0.0,0.0,0.0,0.0,92.0,60,Medium,High,High,High,Low
Lose You To Love Me,Selena Gomez,Rare,2019,206458,4,1.0,0.0,4,-9.0,1,0.0,1.0,0.0,0.0,0.0,103.0,76,Medium,Low,High,High,Low
Love Again,Dua Lipa,Future Nostalgia,2021,258004,4,1.0,1.0,11,-5.0,0,0.0,0.0,0.0,0.0,0.0,116.0,72,Medium,High,High,High,Low
Love Cycle (with Summer Walker),Toosii,Poetic Pain,2021,215405,4,1.0,0.0,6,-9.0,0,0.0,0.0,0.0,0.0,0.0,127.0,48,Low,Low,High,High,Low
Love Galore (feat. Travis Scott),SZA,Ctrl,2017,275080,4,1.0,1.0,0,-6.0,1,0.0,0.0,0.0,0.0,0.0,135.0,76,Medium,High,High,High,Low
Love Is Gone - Fred Riester & Joachim Garraud Radio Edit Remix,David Guetta,Pop Life,2008,199386,4,1.0,1.0,4,-5.0,0,0.0,0.0,0.0,0.0,1.0,128.0,62,Medium,High,High,High,Low
Love Me Again,RAYE,Euphoric Sad Songs,2023,198973,4,1.0,1.0,5,-6.0,1,0.0,0.0,0.0,0.0,0.0,110.0,34,Low,High,High,High,Low
Love On Top,Beyoncï¿½,4,2011,267413,4,1.0,1.0,0,-5.0,1,0.0,0.0,0.0,1.0,1.0,94.0,73,Medium,High,High,High,High
Love Story,Taylor Swift,Fearless,2008,235266,4,1.0,1.0,2,-4.0,1,0.0,0.0,0.0,0.0,0.0,119.0,65,Medium,High,High,High,Low
Love You Like That,Parker McCollum,Hollywood Gold,2022,205173,4,1.0,1.0,7,-6.0,1,0.0,0.0,0.0,0.0,0.0,150.0,41,Low,High,High,High,Low
Love You Too Late,Cole Swindell,All of It,2019,204720,4,1.0,1.0,9,-4.0,0,0.0,0.0,0.0,0.0,1.0,114.0,54,Medium,High,High,High,Low
Love Yourz,J. Cole,2014 Forest Hills Drive,2018,211496,4,1.0,1.0,8,-9.0,1,0.0,1.0,0.0,0.0,0.0,83.0,74,Medium,High,High,High,Low
lovely (with Khalid),Billie Eilish,lovely (with Khalid),2018,200185,4,0.0,0.0,4,-10.0,0,0.0,1.0,0.0,0.0,0.0,115.0,87,High,Low,Low,High,Low
Lovin' Me,FIFTY FIFTY,The Beginning,2023,189809,4,0.0,1.0,8,-9.0,1,0.0,1.0,0.0,0.0,1.0,171.0,44,Low,High,Low,High,Low
Lovin' On You,Luke Combs,What You See Is What You Get,2020,194866,4,1.0,1.0,4,-5.0,1,0.0,0.0,0.0,0.0,1.0,119.0,69,Medium,High,High,High,Low
Loyal (feat. Lil Wayne & Tyga),Chris Brown,X (Expanded Edition),2018,264946,4,1.0,1.0,10,-6.0,0,0.0,0.0,0.0,0.0,1.0,99.0,74,Medium,High,High,High,Low
Luto en el Cielo,Hermanos Vega Jr.,A Lo Sierreï¿½o Corridos de la Dinastï¿½a,2023,196336,3,1.0,1.0,2,-3.0,1,0.0,1.0,0.0,0.0,1.0,102.0,10,Low,High,High,High,Low
Madonna,Natanael Cano,Madonna,2021,187087,3,1.0,1.0,0,-6.0,1,0.0,0.0,0.0,0.0,1.0,128.0,86,High,High,High,High,Low
Make It Sweet,Old Dominion,Old Dominion,2019,187000,4,0.0,1.0,7,-4.0,1,0.0,0.0,0.0,0.0,1.0,180.0,59,Medium,High,Low,High,Low
Malibu,Kim Petras,Malibu,2020,191808,4,1.0,1.0,2,-4.0,1,0.0,0.0,0.0,0.0,1.0,120.0,48,Low,High,High,High,Low
Malibu,Miley Cyrus,Younger Now,2017,231906,4,1.0,1.0,8,-6.0,1,0.0,0.0,0.0,0.0,0.0,140.0,73,Medium,High,High,High,Low
Me and My Kind,Cody Johnson,Cowboy Like Me,2016,156200,4,1.0,1.0,2,-3.0,1,0.0,0.0,0.0,0.0,1.0,110.0,75,Medium,High,High,High,Low
Me Too,Meghan Trainor,Thank You (Deluxe Version),2016,181240,4,1.0,1.0,11,-6.0,0,0.0,0.0,0.0,0.0,1.0,124.0,71,Medium,High,High,High,Low
Meant to Be (feat. Florida Georgia Line),Bebe Rexha,All Your Fault: Pt. 2,2017,163870,4,1.0,1.0,10,-6.0,1,0.0,0.0,0.0,0.0,1.0,154.0,71,Medium,High,High,High,Low
Memories (feat. Kid Cudi),David Guetta,One Love (Deluxe),2009,210093,4,1.0,1.0,8,-6.0,1,0.0,0.0,0.0,0.0,0.0,130.0,67,Medium,High,High,High,Low
MIA,Bad Bunny,X 100PRE,2018,210367,4,1.0,1.0,6,-6.0,0,0.0,0.0,0.0,0.0,0.0,97.0,75,Medium,High,High,High,Low
Midnight Sky,Miley Cyrus,Plastic Hearts,2020,223280,4,1.0,1.0,4,-6.0,0,0.0,0.0,0.0,0.0,0.0,110.0,70,Medium,High,High,High,Low
Million Reasons,Lady Gaga,Joanne (Deluxe),2016,205280,4,1.0,0.0,0,-8.0,1,0.0,0.0,0.0,0.0,0.0,130.0,74,Medium,Low,High,High,Low
Moment 4 Life,Nicki Minaj,Pink Friday,2011,279306,4,0.0,1.0,11,-4.0,1,0.0,0.0,0.0,0.0,0.0,98.0,69,Medium,High,Low,High,Low
Monday Morning Merle,Cody Johnson,Ain't Nothin' to It,2023,229120,4,1.0,1.0,2,-6.0,1,0.0,0.0,0.0,0.0,0.0,94.0,50,Medium,High,High,High,Low
Money,Cardi B,Money,2018,183527,4,1.0,1.0,8,-7.0,0,0.0,0.0,0.0,0.0,0.0,130.0,69,Medium,High,High,High,Low
Money On My Mind,Sam Smith,In The Lonely Hour,2014,192670,4,1.0,1.0,2,-5.0,1,0.0,0.0,0.0,0.0,1.0,134.0,65,Medium,High,High,High,Low
Moonlight,Kali Uchis,Red Moon In Venus,2022,187723,4,1.0,1.0,7,-7.0,0,0.0,1.0,0.0,0.0,1.0,137.0,80,High,High,High,High,Low
More Than My Hometown,Morgan Wallen,Dangerous: The Double Album,2020,216573,4,1.0,1.0,6,-5.0,1,0.0,1.0,0.0,0.0,1.0,126.0,79,Medium,High,High,High,Low
Mr. Forgettable,David Kushner,Footprints I Found,2023,187293,4,1.0,0.0,8,-9.0,0,0.0,1.0,0.0,0.0,0.0,145.0,71,Medium,Low,High,High,Low
Munch (Feelin? U),Ice Spice,Munch (Feelin? U),2022,104819,4,1.0,1.0,11,-7.0,0,0.0,0.0,0.0,0.0,1.0,166.0,64,Medium,High,High,High,Low
Muwop (feat. Gucci Mane),Latto,Muwop (feat. Gucci Mane),2020,200135,4,1.0,1.0,9,-7.0,0,0.0,0.0,0.0,0.0,1.0,146.0,45,Low,High,High,High,Low
my future,Billie Eilish,my future,2020,208155,4,0.0,0.0,8,-11.0,1,0.0,1.0,0.0,0.0,0.0,105.0,67,Medium,Low,Low,Medium,Low
My Kinda Party,Jason Aldean,My Kinda Party,2010,284960,4,0.0,1.0,0,-4.0,0,0.0,0.0,0.0,0.0,1.0,177.0,64,Medium,High,Low,High,Low
N Side,Steve Lacy,Apollo XXI,2022,224444,4,1.0,1.0,11,-6.0,0,0.0,0.0,0.0,0.0,1.0,120.0,70,Medium,High,High,High,Low
Natalie Don't,RAYE,Natalie Don?t,2023,194346,4,1.0,1.0,9,-5.0,0,0.0,0.0,0.0,0.0,1.0,124.0,51,Medium,High,High,High,Low
Need A Favor,Jelly Roll,Whitsitt Chapel,2023,197400,4,1.0,1.0,6,-4.0,1,0.0,0.0,0.0,0.0,1.0,158.0,77,Medium,High,High,High,Low
Neighbors,J. Cole,4 Your Eyez Only,2018,216520,4,1.0,0.0,6,-12.0,0,0.0,0.0,0.0,0.0,0.0,139.0,69,Medium,Low,High,Medium,Low
NEL,Fuerza Regida,PERO NO TE ENAMORES,2022,149073,4,1.0,0.0,7,-6.0,0,0.0,1.0,0.0,0.0,0.0,100.0,84,High,Low,High,High,Low
Never Again,Kelly Clarkson,My December,2004,217293,4,1.0,1.0,7,-3.0,0,0.0,0.0,0.0,0.0,0.0,146.0,44,Low,High,High,High,Low
Never Ready,Corey Kent,Never Ready,2022,281306,4,0.0,1.0,8,-7.0,1,0.0,0.0,0.0,0.0,0.0,152.0,56,Medium,High,Low,High,Low
New Perspective,Noah Kahan,Stick Season,2023,256871,4,1.0,1.0,5,-10.0,1,0.0,0.0,0.0,0.0,0.0,157.0,72,Medium,High,High,High,Low
New Rules,Dua Lipa,Dua Lipa (Deluxe),2017,209320,4,1.0,1.0,9,-6.0,0,0.0,0.0,0.0,0.0,1.0,116.0,82,High,High,High,High,Low
Next Thing You Know,Jordan Davis,Bluebird Days,2023,175226,4,1.0,1.0,5,-8.0,1,0.0,1.0,0.0,0.0,0.0,79.0,77,Medium,High,High,High,Low
Night Train,Jason Aldean,Night Train,2012,232306,4,0.0,1.0,5,-5.0,1,0.0,0.0,0.0,0.0,1.0,158.0,62,Medium,High,Low,High,Low
NO,Meghan Trainor,Thank You (Deluxe Version),2016,213506,4,1.0,1.0,1,-4.0,0,0.0,0.0,0.0,1.0,1.0,92.0,73,Medium,High,High,High,High
No Broken Hearts (feat. Nicki Minaj),Bebe Rexha,No Broken Hearts (feat. Nicki Minaj),2017,239991,4,1.0,1.0,0,-4.0,1,0.0,0.0,0.0,0.0,1.0,122.0,53,Medium,High,High,High,Low
No Clarity,Ice Spice,No Clarity,2023,108169,4,1.0,1.0,11,-6.0,1,0.0,1.0,0.0,0.0,1.0,142.0,52,Medium,High,High,High,Low
No Complaints (feat. Offset & Drake) (Bonus),Metro Boomin,NOT ALL HEROES WEAR CAPES (Deluxe),2018,265480,4,1.0,1.0,2,-9.0,1,0.0,0.0,0.0,0.0,0.0,124.0,64,Medium,High,High,High,Low
No Guidance (feat. Drake),Chris Brown,Indigo,2019,260640,4,1.0,0.0,1,-7.0,0,0.0,0.0,0.0,0.0,0.0,93.0,76,Medium,Low,High,High,Low
No Hook,Latto,No Hook,2023,103488,4,1.0,0.0,9,-6.0,1,1.0,0.0,0.0,0.0,0.0,180.0,28,Low,Low,High,High,Low
No More Parties,Coi Leray,No More Parties,2021,140920,4,1.0,0.0,11,-11.0,1,1.0,0.0,0.0,0.0,1.0,157.0,46,Low,Low,High,Medium,Low
NO SE VA - EN VIVO,Grupo Frontera,El Comienzo,2023,193816,4,1.0,1.0,0,-5.0,1,0.0,0.0,0.0,0.0,1.0,173.0,78,Medium,High,High,High,Low
No Such Thing as a Broken Heart,Old Dominion,Happy Endings,2017,176893,4,1.0,1.0,8,-4.0,1,0.0,0.0,0.0,0.0,1.0,172.0,60,Medium,High,High,High,Low
no tears left to cry,Ariana Grande,Sweetener,2018,205920,4,1.0,1.0,9,-6.0,0,0.0,0.0,0.0,0.0,0.0,122.0,75,Medium,High,High,High,Low
Nonsense,Sabrina Carpenter,emails i can't send,2022,163648,4,1.0,1.0,8,-5.0,1,0.0,0.0,0.0,0.0,1.0,139.0,88,High,High,High,High,Low
Northern Attitude,Noah Kahan,Northern Attitude,2023,267256,4,1.0,1.0,3,-8.0,1,0.0,0.0,0.0,0.0,0.0,121.0,58,Medium,High,High,High,Low
Nothin' on You,Cody Johnson,Ain't Nothin' to It,2018,260466,3,0.0,0.0,6,-7.0,1,0.0,1.0,0.0,0.0,0.0,135.0,63,Medium,Low,Low,High,Low
Noticed I Cried,PinkPantheress,to hell with it,2023,82226,4,0.0,1.0,11,-6.0,1,0.0,0.0,0.0,0.0,0.0,164.0,54,Medium,High,Low,High,Low
Now or Never (feat. Lauren Alaina),Corey Kent,Now or Never (feat. Lauren Alaina),2022,174946,4,0.0,1.0,7,-5.0,1,0.0,0.0,0.0,0.0,0.0,110.0,55,Medium,High,Low,High,Low
Ocean,KAROL G,OCEAN,2023,155946,4,1.0,0.0,11,-6.0,1,0.0,1.0,0.0,0.0,0.0,75.0,73,Medium,Low,High,High,Low
OMG,NewJeans,NewJeans 'OMG',2023,212253,4,1.0,1.0,9,-4.0,0,0.0,0.0,0.0,0.0,1.0,127.0,79,Medium,High,High,High,Low
On My Way to You,Cody Johnson,Ain't Nothin' to It,2019,213306,4,0.0,1.0,1,-5.0,1,0.0,0.0,0.0,0.0,0.0,158.0,63,Medium,High,Low,High,Low
Once More,d4vd,The Lost Petals,2022,121695,4,1.0,0.0,9,-13.0,0,0.0,1.0,0.0,0.0,0.0,76.0,60,Medium,Low,High,Medium,Low
One Last Time,Ariana Grande,My Everything - Deluxe,2014,197266,4,1.0,1.0,8,-5.0,1,0.0,0.0,0.0,0.0,0.0,125.0,82,High,High,High,High,Low
One Man Band,Old Dominion,Old Dominion,2019,186240,4,1.0,0.0,6,-8.0,1,0.0,1.0,0.0,0.0,0.0,76.0,80,High,Low,High,High,Low
One Number Away,Luke Combs,This One's for You,2017,221800,4,1.0,1.0,6,-6.0,0,0.0,0.0,0.0,0.0,1.0,144.0,74,Medium,High,High,High,Low
Only Girl (In The World),Rihanna,Loud (Japan Version),2010,235493,4,1.0,1.0,11,-4.0,0,0.0,0.0,0.0,0.0,1.0,126.0,84,High,High,High,High,Low
Overdue (with Travis Scott),Metro Boomin,NOT ALL HEROES WEAR CAPES (Deluxe),2023,166093,4,1.0,0.0,11,-11.0,0,0.0,1.0,0.0,0.0,0.0,150.0,79,Medium,Low,High,Medium,Low
Pain,PinkPantheress,to hell with it,2023,98544,4,1.0,1.0,1,-8.0,1,0.0,0.0,0.0,0.0,1.0,126.0,83,High,High,High,High,Low
Paint The Town Red,Doja Cat,Paint The Town Red,2023,231750,4,1.0,1.0,5,-9.0,1,0.0,0.0,0.0,0.0,1.0,100.0,81,High,High,High,High,Low
Partition,Beyoncï¿½,BEYONCï¿½ [Platinum Edition],2013,319466,4,0.0,0.0,11,-12.0,0,0.0,0.0,0.0,0.0,0.0,176.0,69,Medium,Low,Low,Medium,Low
Party In The U.S.A.,Miley Cyrus,The Time Of Our Lives,2009,202066,4,1.0,1.0,10,-5.0,0,0.0,0.0,0.0,0.0,0.0,96.0,78,Medium,High,High,High,Low
Perdonï¿½monos,Yng Lvcas,Perdonï¿½monos,2023,136421,4,1.0,1.0,5,-6.0,1,0.0,0.0,0.0,0.0,1.0,95.0,44,Low,High,High,High,Low
Perfect,Ed Sheeran,ï¿½ (Deluxe),2017,263400,3,1.0,0.0,8,-6.0,1,0.0,0.0,0.0,0.0,0.0,95.0,86,High,Low,High,High,Low
Perreo Porky,Yng Lvcas,Perreo Porky,2023,224842,4,1.0,1.0,6,-7.0,1,0.0,0.0,0.0,0.0,1.0,95.0,54,Medium,High,High,High,Low
Persuasive,Doechii,Persuasive,2023,216707,4,1.0,1.0,7,-6.0,0,0.0,0.0,0.0,0.0,1.0,120.0,51,Medium,High,High,High,Low
Phat Butt,Ice Spice,Phat Butt,2023,129293,4,1.0,1.0,1,-9.0,1,0.0,0.0,0.0,0.0,0.0,165.0,64,Medium,High,High,High,Low
Photograph,Ed Sheeran,x (Deluxe Edition),2015,258986,4,1.0,0.0,4,-10.0,1,0.0,1.0,0.0,0.0,0.0,108.0,82,High,Low,High,High,Low
Physical,Dua Lipa,Future Nostalgia,2020,193829,4,1.0,1.0,0,-4.0,1,0.0,0.0,0.0,0.0,1.0,147.0,78,Medium,High,High,High,Low
Pï¿½gateme,Yng Lvcas,LPM,2023,153835,4,1.0,1.0,11,-10.0,0,0.0,0.0,0.0,0.0,1.0,80.0,50,Medium,High,High,High,Low
Piece by Piece - Idol Version,Kelly Clarkson,Piece By Piece (Deluxe Version),2016,212280,4,1.0,0.0,1,-6.0,1,0.0,1.0,0.0,0.0,0.0,110.0,56,Medium,Low,High,High,Low
Pills N Potions,Nicki Minaj,The Pinkprint - Deluxe,2015,268000,4,0.0,1.0,7,-8.0,1,0.0,0.0,0.0,0.0,0.0,169.0,55,Medium,High,Low,High,Low
PISTOL PACCIN,NLE Choppa,Cottonwood 2 (Deluxe 2.0),2023,149449,4,1.0,1.0,1,-4.0,1,0.0,0.0,0.0,0.0,1.0,145.0,75,Medium,High,High,High,Low
Plain Jayne,Ktlyn,Plain Jayne,2023,123920,4,1.0,1.0,9,-7.0,1,0.0,0.0,0.0,0.0,1.0,94.0,50,Medium,High,High,High,Low
Play Hard (feat. Ne-Yo & Akon),David Guetta,Nothing but the Beat 2.0,2012,201000,4,1.0,1.0,8,-2.0,0,0.0,0.0,0.0,0.0,1.0,130.0,62,Medium,High,High,High,Low
Players,Coi Leray,Players,2022,139560,4,1.0,1.0,6,-6.0,0,0.0,0.0,0.0,0.0,1.0,105.0,71,Medium,High,High,High,Low
Playground,Steve Lacy,Apollo XXI,2022,213797,4,0.0,1.0,7,-6.0,1,0.0,0.0,0.0,0.0,1.0,192.0,54,Medium,High,Low,High,Low
Please Me,Cardi B,Please Me,2019,200889,4,1.0,1.0,1,-7.0,1,0.0,0.0,0.0,0.0,1.0,134.0,75,Medium,High,High,High,Low
Please Please Please,Sabrina Carpenter,Please Please Please,2022,186365,4,1.0,1.0,9,-6.0,1,0.0,0.0,0.0,0.0,1.0,107.0,97,High,High,High,High,Low
Poetic Pain,Toosii,Poetic Pain,2020,205657,4,1.0,1.0,8,-6.0,0,0.0,0.0,0.0,0.0,0.0,74.0,44,Low,High,High,High,Low
Poker Face,Lady Gaga,The Fame,2008,237200,4,1.0,1.0,4,-5.0,1,0.0,0.0,0.0,0.0,1.0,119.0,77,Medium,High,High,High,Low
Por Las Noches,Peso Pluma,Por Las Noches,2023,238888,3,1.0,1.0,9,-7.0,0,0.0,0.0,0.0,0.0,0.0,185.0,74,Medium,High,High,High,Low
positions,Ariana Grande,Positions,2020,172324,4,1.0,1.0,0,-5.0,1,0.0,0.0,0.0,0.0,1.0,144.0,79,Medium,High,High,High,Low
Pray,Sam Smith,The Thrill Of It All - Special Edition,2017,221595,3,1.0,0.0,4,-9.0,0,0.0,0.0,0.0,0.0,0.0,88.0,61,Medium,Low,High,High,Low
PRC,Peso Pluma,PRC,2023,184066,3,1.0,1.0,7,-6.0,0,0.0,0.0,0.0,0.0,1.0,138.0,73,Medium,High,High,High,Low
Press,Cardi B,Press,2020,143791,4,1.0,1.0,1,-6.0,1,0.0,0.0,0.0,0.0,0.0,134.0,61,Medium,High,High,High,Low
Pretty Heart,Parker McCollum,Pretty Heart,2020,244797,4,1.0,1.0,7,-4.0,1,0.0,0.0,0.0,0.0,0.0,132.0,58,Medium,High,High,High,Low
Prisoner (feat. Dua Lipa),Miley Cyrus,Plastic Hearts,2020,169333,4,1.0,1.0,3,-4.0,0,0.0,0.0,0.0,0.0,1.0,128.0,72,Medium,High,High,High,Low
Proud,Jelly Roll,Waylon & Willie,2021,273482,4,1.0,1.0,10,-7.0,1,0.0,0.0,0.0,0.0,0.0,130.0,33,Low,High,High,High,Low
PROVENZA,KAROL G,MAï¿½ANA SERï¿½ BONITO,2022,207626,4,1.0,1.0,1,-8.0,1,0.0,1.0,0.0,0.0,1.0,111.0,83,High,High,High,High,Low
pushin P (feat. Young Thug),Gunna,DS4EVER,2022,136266,1,1.0,0.0,1,-5.0,0,0.0,0.0,0.0,0.0,0.0,78.0,69,Medium,Low,High,High,Low
PUSSY,Latto,PUSSY,2023,141176,4,1.0,1.0,6,-4.0,0,0.0,0.0,0.0,0.0,1.0,170.0,35,Low,High,High,High,Low
QUE PRETENDES,J Balvin,OASIS,2020,222346,4,1.0,1.0,10,-4.0,0,0.0,0.0,0.0,0.0,1.0,93.0,76,Medium,High,High,High,Low
QUE VUELVAS,Grupo Frontera,El Comienzo,2023,169418,4,0.0,1.0,10,-4.0,1,0.0,0.0,0.0,0.0,1.0,163.0,81,High,High,Low,High,Low
Radicamos En South Central,Fuerza Regida,Jimmy Humilde Presenta Lo Mejor De Las Calles Vol.3,2023,228853,1,1.0,1.0,7,-2.0,1,0.0,0.0,0.0,0.0,1.0,116.0,62,Medium,High,High,High,Low
Rags2Riches 2 (feat. Lil Baby),Rod Wave,Pray 4 Love - Deluxe,2021,235987,4,1.0,0.0,5,-10.0,0,0.0,0.0,0.0,0.0,0.0,118.0,66,Medium,Low,High,High,Low
Rare,Selena Gomez,Rare,2020,220589,4,1.0,1.0,5,-7.0,1,0.0,0.0,0.0,0.0,1.0,115.0,58,Medium,High,High,High,Low
Red Lights,Toosii,Platinum Heart,2023,153569,4,1.0,1.0,8,-6.0,1,0.0,0.0,0.0,0.0,0.0,151.0,38,Low,High,High,High,Low
REDNECKER,HARDY,THIS OLE BOY,2020,201832,4,1.0,1.0,7,-5.0,1,0.0,0.0,0.0,0.0,1.0,144.0,65,Medium,High,High,High,Low
Regardless,RAYE,Euphoric Sad Songs,2023,197573,4,1.0,1.0,7,-6.0,1,0.0,0.0,0.0,0.0,1.0,120.0,56,Medium,High,High,High,Low
Religiously,Bailey Zimmerman,Religiously. The Album.,2023,178723,4,1.0,1.0,1,-7.0,1,0.0,0.0,0.0,0.0,1.0,141.0,77,Medium,High,High,High,Low
Rich Men North of Richmond,Oliver Anthony Music,Rich Men North of Richmond,2023,187244,4,1.0,0.0,10,-12.0,1,0.0,1.0,0.0,0.0,1.0,122.0,76,Medium,Low,High,Medium,Low
Road Runner,Lainey Wilson,Bell Bottom Country,2023,226826,4,0.0,1.0,2,-4.0,1,0.0,0.0,0.0,0.0,1.0,160.0,47,Low,High,Low,High,Low
Rock and A Hard Place,Bailey Zimmerman,Religiously. The Album.,2022,207540,3,1.0,1.0,1,-7.0,1,0.0,1.0,0.0,0.0,0.0,122.0,79,Medium,High,High,High,Low
ROCKET,Doechii,ROCKET,2023,166315,4,1.0,1.0,1,-6.0,1,0.0,0.0,0.0,0.0,1.0,113.0,59,Medium,High,High,High,Low
ROCKSTAR,HARDY,Quit!!,2020,194341,4,1.0,1.0,0,-3.0,1,0.0,0.0,0.0,0.0,1.0,150.0,63,Medium,High,High,High,Low
rodeo dr,Gunna,a Gift & a Curse,2022,176946,4,1.0,1.0,1,-5.0,0,0.0,0.0,0.0,0.0,0.0,134.0,60,Medium,High,High,High,Low
Rolling Stone,Lainey Wilson,Sayin? What I?m Thinkin?,2023,239013,4,1.0,1.0,9,-9.0,0,0.0,0.0,0.0,0.0,0.0,77.0,48,Low,High,High,High,Low
Romantic Homicide,d4vd,Romantic Homicide,2022,132630,4,1.0,1.0,6,-11.0,1,0.0,0.0,0.0,0.0,0.0,132.0,86,High,High,High,Medium,Low
ROSA PASTEL,Peso Pluma,Gï¿½NESIS,2023,204253,3,1.0,1.0,7,-5.0,0,0.0,0.0,0.0,0.0,1.0,123.0,69,Medium,High,High,High,Low
Rude Boy,Rihanna,Rated R,2009,222920,4,1.0,1.0,11,-4.0,1,0.0,0.0,0.0,0.0,1.0,174.0,77,Medium,High,High,High,Low
Rules,Doja Cat,Hot Pink,2019,187040,4,1.0,1.0,7,-5.0,1,0.0,0.0,0.0,0.0,1.0,144.0,72,Medium,High,High,High,Low
Rumors (feat. Cardi B),Lizzo,Rumors (feat. Cardi B),2021,172832,4,1.0,1.0,4,-6.0,0,0.0,0.0,0.0,0.0,1.0,119.0,60,Medium,High,High,High,Low
Run It! (feat. Juelz Santana),Chris Brown,Chris Brown (Expanded Edition),2005,229866,4,1.0,0.0,1,-7.0,0,0.0,0.0,0.0,0.0,0.0,101.0,73,Medium,Low,High,High,Low
Run the World (Girls),Beyoncï¿½,4,2011,236093,4,1.0,1.0,0,-4.0,1,0.0,0.0,0.0,0.0,1.0,127.0,70,Medium,High,High,High,Low
Rust,Corey Kent,Rust,2022,169720,4,0.0,1.0,1,-5.0,0,0.0,0.0,0.0,0.0,0.0,121.0,59,Medium,High,Low,High,Low
Ryd,Steve Lacy,Steve Lacy's Demo,2022,140182,4,1.0,1.0,9,-7.0,0,0.0,0.0,0.0,0.0,1.0,137.0,68,Medium,High,High,High,Low
Sacrifice,Bebe Rexha,Sacrifice,2022,160871,4,1.0,1.0,11,-5.0,0,0.0,0.0,0.0,0.0,0.0,120.0,51,Medium,High,High,High,Low
Safaera,Bad Bunny,YHLQMDLG,2020,295176,4,1.0,1.0,2,-4.0,1,0.0,0.0,0.0,0.0,1.0,96.0,74,Medium,High,High,High,Low
Sand In My Boots,Morgan Wallen,Dangerous: The Double Album,2021,202133,4,0.0,1.0,3,-7.0,1,0.0,1.0,0.0,0.0,0.0,70.0,76,Medium,High,Low,High,Low
Save Me,Jelly Roll,Self Medicated,2021,240722,3,1.0,0.0,0,-10.0,1,0.0,1.0,0.0,0.0,0.0,83.0,69,Medium,Low,High,High,Low
Save Your Tears,The Weeknd,After Hours,2020,215626,4,1.0,1.0,0,-5.0,1,0.0,0.0,0.0,1.0,1.0,118.0,85,High,High,High,High,High
Say So,Doja Cat,Hot Pink,2020,237893,4,1.0,1.0,11,-5.0,0,0.0,0.0,0.0,0.0,1.0,111.0,75,Medium,High,High,High,Low
Scuse Me,Lizzo,Coconut Oil,2019,204392,4,1.0,1.0,0,-5.0,0,0.0,0.0,0.0,0.0,1.0,130.0,40,Low,High,High,High,Low
Selfish,Jordan Davis,Home State,2022,192954,4,1.0,1.0,8,-6.0,1,0.0,0.0,0.0,0.0,1.0,90.0,52,Medium,High,High,High,Low
Seven (feat. Latto) (Explicit Ver.),Jung Kook,GOLDEN,2023,183550,4,1.0,1.0,11,-4.0,1,0.0,0.0,0.0,0.0,1.0,125.0,86,High,High,High,High,Low
Sex Lies (feat. Lil Baby),Latto,Queen of Da Souf (Extended Version) [Deluxe Version],2022,161538,4,0.0,1.0,0,-6.0,1,0.0,0.0,0.0,0.0,1.0,80.0,39,Low,High,Low,High,Low
Sex Talk,Kim Petras,Feed The Beast,2020,155853,4,1.0,1.0,9,-6.0,0,0.0,0.0,0.0,0.0,1.0,112.0,36,Low,High,High,High,Low
Shake It Off,Taylor Swift,1989,2014,219200,4,1.0,1.0,7,-5.0,1,0.0,0.0,0.0,0.0,1.0,160.0,70,Medium,High,High,High,Low
Shake the Frost (Live),Tyler Childers,Live on Red Barn Radio I & II,2020,175120,4,0.0,0.0,2,-10.0,1,0.0,1.0,0.0,1.0,0.0,139.0,78,Medium,Low,Low,High,High
Shallow,Lady Gaga,A Star Is Born Soundtrack,2018,215733,4,1.0,0.0,7,-6.0,1,0.0,0.0,0.0,0.0,0.0,96.0,83,High,Low,High,High,Low
Shape of You,Ed Sheeran,ï¿½ (Deluxe),2017,233712,4,1.0,1.0,1,-3.0,0,0.0,1.0,0.0,0.0,1.0,96.0,85,High,High,High,High,Low
She Got the Best of Me,Luke Combs,This One's for You Too (Deluxe Edition),2017,183160,4,1.0,1.0,11,-4.0,1,0.0,0.0,0.0,0.0,1.0,151.0,83,High,High,High,High,Low
She Had Me At Heads Carolina,Cole Swindell,Stereotype,2022,206106,4,1.0,1.0,8,-3.0,1,0.0,0.0,0.0,0.0,1.0,135.0,74,Medium,High,High,High,Low
She Wolf,Shakira,She Wolf (Expanded Edition),2009,188866,4,1.0,1.0,7,-7.0,1,0.0,0.0,0.0,0.0,1.0,122.0,70,Medium,High,High,High,Low
She Wolf (Falling to Pieces) [feat. Sia],David Guetta,Nothing but the Beat 2.0,2012,222500,4,0.0,1.0,7,-3.0,1,0.0,0.0,0.0,0.0,0.0,130.0,49,Low,High,Low,High,Low
She's Country,Jason Aldean,Wide Open,2009,220573,4,1.0,1.0,1,-3.0,0,0.0,0.0,0.0,0.0,1.0,172.0,72,Medium,High,High,High,Low
Shivers,Ed Sheeran,=,2021,207853,4,1.0,1.0,2,-3.0,1,0.0,0.0,0.0,0.0,1.0,141.0,82,High,High,High,High,Low
Shotta Flow (feat. Blueface) - Remix,NLE Choppa,Cottonwood,2019,176631,4,1.0,1.0,2,-5.0,1,0.0,0.0,0.0,0.0,1.0,120.0,72,Medium,High,High,High,Low
Shotta Flow 6,NLE Choppa,Me vs. Me,2022,192147,4,1.0,1.0,11,-7.0,1,0.0,0.0,0.0,0.0,0.0,140.0,57,Medium,High,High,High,Low
Si Antes Te Hubiera Conocido,KAROL G,Si Antes Te Hubiera Conocido,2023,195824,4,1.0,1.0,11,-7.0,1,0.0,0.0,0.0,0.0,1.0,128.0,96,High,High,High,High,Low
Side To Side,Ariana Grande,Dangerous Woman,2017,226160,4,1.0,1.0,6,-6.0,0,0.0,0.0,0.0,0.0,1.0,159.0,66,Medium,High,High,High,Low
Sign of the Times,Harry Styles,Harry Styles,2017,340706,4,1.0,1.0,5,-5.0,1,0.0,0.0,0.0,0.0,0.0,120.0,81,High,High,High,High,Low
Sigo Chambeando,Fuerza Regida,Jimmy Humilde Presenta Lo Mejor De Las Calles Vol. 4,2023,200161,3,1.0,0.0,5,-7.0,1,0.0,1.0,0.0,0.0,1.0,114.0,63,Medium,Low,High,High,Low
Simple,Kali Uchis,ORQUï¿½DEAS PARTE 2 - Deluxe,2022,202123,4,1.0,0.0,1,-9.0,0,0.0,0.0,0.0,0.0,0.0,88.0,64,Medium,Low,High,High,Low
Since U Been Gone,Kelly Clarkson,Breakaway,2004,188960,4,1.0,1.0,0,-5.0,1,0.0,0.0,0.0,0.0,0.0,131.0,75,Medium,High,High,High,Low
Single Ladies (Put a Ring on It),Beyoncï¿½,I AM...SASHA FIERCE,2008,193213,4,0.0,1.0,1,-5.0,1,0.0,0.0,0.0,0.0,0.0,193.0,66,Medium,High,Low,High,Low
Singles You Up,Jordan Davis,Home State,2018,182666,4,0.0,1.0,7,-4.0,1,0.0,0.0,0.0,0.0,1.0,200.0,69,Medium,High,Low,High,Low
Skin,Sabrina Carpenter,Skin,2022,177500,4,1.0,0.0,7,-5.0,1,0.0,0.0,0.0,0.0,0.0,106.0,68,Medium,Low,High,High,Low
Skin and Bones,David Kushner,Skin and Bones,2023,214632,4,0.0,0.0,10,-10.0,1,0.0,1.0,0.0,0.0,0.0,117.0,72,Medium,Low,Low,High,Low
Sky Walker (feat. Travis Scott),Miguel,War & Leisure,2017,259333,4,1.0,1.0,6,-11.0,1,0.0,0.0,0.0,0.0,0.0,146.0,72,Medium,High,High,Medium,Low
Sleep Well,d4vd,Petals to Thorns,2023,175875,3,0.0,0.0,8,-11.0,1,0.0,1.0,0.0,0.0,0.0,148.0,74,Medium,Low,Low,Medium,Low
Slide Away,Miley Cyrus,SHE IS COMING,2023,233654,4,1.0,1.0,5,-7.0,1,0.0,0.0,0.0,0.0,0.0,148.0,65,Medium,High,High,High,Low
Slow Dance In A Parking Lot,Jordan Davis,Home State,2018,193929,4,1.0,1.0,7,-4.0,1,0.0,0.0,0.0,0.0,1.0,82.0,66,Medium,High,High,High,Low
Small Town Crazy,Bailey Zimmerman,Small Town Crazy,2023,162352,4,1.0,1.0,7,-3.0,1,0.0,0.0,0.0,0.0,1.0,170.0,55,Medium,High,High,High,Low
Smell Like Smoke,Lainey Wilson,Bell Bottom Country,2023,168120,4,1.0,1.0,0,-4.0,1,0.0,0.0,0.0,0.0,1.0,176.0,60,Medium,High,High,High,Low
Smooth Sailing,Old Dominion,Old Dominion,2022,215080,4,0.0,1.0,7,-5.0,1,0.0,0.0,0.0,0.0,0.0,144.0,36,Low,High,Low,High,Low
Snapback,Old Dominion,Meat and Candy,2014,206506,4,1.0,1.0,5,-4.0,1,0.0,0.0,0.0,0.0,1.0,101.0,63,Medium,High,High,High,Low
Snooze,SZA,SOS,2023,201800,4,1.0,1.0,5,-7.0,1,0.0,0.0,0.0,0.0,0.0,143.0,87,High,High,High,High,Low
Sober,Jelly Roll,Ballads of the Broken,2021,156133,4,0.0,1.0,1,-7.0,1,0.0,0.0,0.0,0.0,0.0,80.0,55,Medium,High,Low,High,Low
SOLD OUT,HARDY,SOLD OUT,2020,202912,4,1.0,1.0,9,-5.0,1,0.0,0.0,0.0,0.0,0.0,145.0,34,Low,High,High,High,Low
Sold Out Dates (feat. Lil Baby),Gunna,Sold Out Dates (feat. Lil Baby),2022,166368,4,1.0,1.0,4,-7.0,0,0.0,0.0,0.0,0.0,0.0,127.0,66,Medium,High,High,High,Low
Some,Steve Lacy,Some,2022,118393,4,1.0,1.0,7,-6.0,1,0.0,0.0,0.0,0.0,1.0,104.0,82,High,High,High,High,Low
Somebody?s Problem,Morgan Wallen,Somebody?s Problem,2021,161773,4,1.0,1.0,5,-8.0,1,0.0,1.0,0.0,0.0,1.0,137.0,60,Medium,High,High,High,Low
Somebody's Been Drinkin',Cole Swindell,All of It,2021,225266,4,0.0,1.0,0,-5.0,1,0.0,0.0,0.0,0.0,0.0,136.0,39,Low,High,Low,High,Low
Something in the Orange,Zach Bryan,Something in the Orange,2022,228013,3,0.0,0.0,4,-12.0,0,0.0,1.0,0.0,0.0,0.0,175.0,87,High,Low,Low,Medium,Low
Something's Gonna Kill Me,Corey Kent,Blacktop,2022,183680,4,1.0,1.0,4,-6.0,0,0.0,0.0,0.0,0.0,0.0,113.0,65,Medium,High,High,High,Low
Son Of A Sinner,Jelly Roll,Ballads of the Broken,2021,232093,4,0.0,1.0,7,-7.0,1,0.0,0.0,0.0,0.0,0.0,86.0,74,Medium,High,Low,High,Low
Song for Another Time,Old Dominion,Meat and Candy,2016,191826,4,0.0,1.0,11,-4.0,1,0.0,0.0,0.0,0.0,1.0,166.0,60,Medium,High,Low,High,Low
Soulmate,Lizzo,Cuz I Love You,2019,175234,4,1.0,1.0,7,-5.0,1,0.0,0.0,0.0,1.0,1.0,99.0,49,Low,High,High,High,High
Soundgasm,Rema,Soundgasm,2022,204755,4,1.0,1.0,6,-7.0,0,0.0,0.0,0.0,0.0,1.0,100.0,63,Medium,High,High,High,Low
Soy El Diablo - Remix,Natanael Cano,Soy El Diablo (Remix),2020,193621,3,1.0,1.0,9,-6.0,0,0.0,1.0,0.0,0.0,1.0,109.0,62,Medium,High,High,High,Low
Space Cadet (feat. Gunna),Metro Boomin,NOT ALL HEROES WEAR CAPES (Deluxe),2019,203266,4,1.0,0.0,5,-10.0,0,0.0,0.0,0.0,0.0,1.0,109.0,79,Medium,Low,High,High,Low
Standing Next to You,Jung Kook,GOLDEN,2023,206019,4,1.0,1.0,2,-4.0,0,0.0,0.0,0.0,0.0,1.0,106.0,90,High,High,High,High,Low
Starboy,The Weeknd,Starboy,2016,230453,4,1.0,1.0,7,-7.0,1,0.0,0.0,0.0,0.0,0.0,186.0,88,High,High,High,High,Low
Starships,Nicki Minaj,Pink Friday ... Roman Reloaded,2012,210626,4,1.0,1.0,11,-2.0,0,0.0,0.0,0.0,0.0,1.0,125.0,74,Medium,High,High,High,Low
Stay,Rihanna,Unapologetic (Deluxe),2013,240706,4,1.0,0.0,9,-10.0,0,0.0,1.0,0.0,0.0,0.0,112.0,65,Medium,Low,High,High,Low
Stay Downtown,Cole Swindell,You Should Be Here,2021,201866,4,0.0,1.0,5,-4.0,1,0.0,0.0,0.0,0.0,0.0,78.0,42,Low,High,Low,High,Low
Stay With Me,Sam Smith,In The Lonely Hour,2014,172723,4,0.0,0.0,0,-6.0,1,0.0,1.0,0.0,0.0,0.0,84.0,83,High,Low,Low,High,Low
Stick Season,Noah Kahan,Stick Season,2022,182346,4,1.0,1.0,9,-7.0,1,0.0,1.0,0.0,0.0,1.0,118.0,90,High,High,High,High,Low
Still With You,Jung Kook,Still With You,2020,239905,4,1.0,0.0,1,-7.0,0,0.0,0.0,0.0,1.0,0.0,88.0,77,Medium,Low,High,High,High
Straight Up Sideways,Lainey Wilson,Sayin? What I?m Thinkin?,2023,176053,4,1.0,1.0,9,-4.0,1,0.0,0.0,0.0,0.0,1.0,160.0,49,Low,High,High,High,Low
Street Runner,Rod Wave,SoulFly,2021,252021,4,1.0,1.0,5,-9.0,0,0.0,0.0,0.0,0.0,0.0,160.0,69,Medium,High,High,High,Low
Streets,Doja Cat,Hot Pink,2020,226986,4,1.0,0.0,11,-8.0,1,0.0,0.0,0.0,0.0,0.0,90.0,80,High,Low,High,High,Low
Strip (feat. Kevin McCall),Chris Brown,Fortune (Expanded Edition),2018,167813,4,1.0,1.0,1,-4.0,1,0.0,0.0,0.0,0.0,1.0,95.0,57,Medium,High,High,High,Low
Stronger (What Doesn't Kill You),Kelly Clarkson,Stronger (Deluxe Version),2011,221946,4,1.0,1.0,0,-4.0,1,0.0,0.0,0.0,0.0,1.0,116.0,64,Medium,High,High,High,Low
Sue Me,Sabrina Carpenter,Singular Act I,2023,179226,4,0.0,1.0,6,-5.0,1,0.0,0.0,0.0,0.0,1.0,157.0,71,Medium,High,Low,High,Low
Summertime Blues,Zach Bryan,Summertime Blues,2022,181239,4,1.0,0.0,1,-8.0,1,0.0,1.0,0.0,0.0,1.0,78.0,67,Medium,Low,High,High,Low
Super Bass,Nicki Minaj,Pink Friday (Complete Edition),2011,200013,4,1.0,1.0,11,-4.0,1,0.0,0.0,0.0,1.0,1.0,127.0,79,Medium,High,High,High,High
Super Shy,NewJeans,NewJeans 'Super Shy',2023,154666,4,1.0,1.0,5,-6.0,0,0.0,0.0,0.0,0.0,1.0,150.0,81,High,High,High,High,Low
Supernatural,NewJeans,Supernatural,2023,191000,4,1.0,1.0,10,-4.0,0,0.0,0.0,0.0,0.0,1.0,109.0,83,High,High,High,High,Low
Sure Thing,Miguel,All I Want Is You,2011,195373,4,1.0,1.0,11,-8.0,0,0.0,0.0,0.0,0.0,0.0,81.0,87,High,High,High,High,Low
Sweep It Up,Coco Jones,Sweep It Up,2023,197958,4,1.0,1.0,1,-3.0,0,0.0,0.0,0.0,0.0,1.0,80.0,51,Medium,High,High,High,Low
Sweet Creature,Harry Styles,Harry Styles,2017,224866,4,0.0,0.0,7,-9.0,1,0.0,1.0,0.0,0.0,0.0,104.0,71,Medium,Low,Low,High,Low
Take A Bow,Rihanna,Good Girl Gone Bad: Reloaded,2008,229413,4,1.0,0.0,9,-8.0,1,0.0,0.0,0.0,0.0,1.0,80.0,74,Medium,Low,High,High,Low
Take It From Me,Jordan Davis,Home State,2021,174254,4,1.0,1.0,10,-3.0,1,0.0,0.0,0.0,0.0,1.0,100.0,71,Medium,High,High,High,Low
telepatï¿½a,Kali Uchis,Sin Miedo (del Amor y Otros Demonios) ?,2020,160191,4,1.0,1.0,11,-9.0,0,0.0,0.0,0.0,0.0,1.0,84.0,82,High,High,High,High,Low
Tempo (feat. Missy Elliott),Lizzo,Cuz I Love You,2020,175342,4,1.0,1.0,1,-6.0,1,0.0,0.0,0.0,0.0,1.0,107.0,56,Medium,High,High,High,Low
Tennessee Orange,Megan Moroney,Tennessee Orange,2023,223119,3,0.0,0.0,9,-7.0,1,0.0,0.0,0.0,0.0,0.0,156.0,66,Medium,Low,Low,High,Low
"thank u, next",Ariana Grande,"thank u, next",2019,207320,4,1.0,1.0,1,-6.0,1,0.0,0.0,0.0,0.0,0.0,107.0,78,Medium,High,High,High,Low
The Climb,Miley Cyrus,Hannah Montana The Movie,2009,236066,4,0.0,1.0,4,-7.0,1,0.0,0.0,0.0,0.0,0.0,161.0,64,Medium,High,Low,High,Low
The Heart Wants What It Wants,Selena Gomez,The Heart Wants What It Wants,2014,227373,4,1.0,1.0,7,-5.0,0,0.0,0.0,0.0,0.0,1.0,83.0,69,Medium,High,High,High,Low
The Hills,The Weeknd,Beauty Behind The Madness,2015,242253,4,1.0,1.0,0,-7.0,0,0.0,0.0,0.0,0.0,0.0,113.0,85,High,High,High,High,Low
The Painter,Cody Johnson,The Painter,2022,211413,4,1.0,1.0,2,-6.0,1,0.0,0.0,0.0,0.0,0.0,98.0,69,Medium,High,High,High,Low
The Thrill,Miguel,Kaleidoscope Dream,2015,182480,4,1.0,1.0,11,-9.0,0,0.0,0.0,0.0,1.0,0.0,150.0,34,Low,High,High,High,High
The Voice,Lil Durk,The Voice,2021,179724,4,0.0,1.0,5,-2.0,0,0.0,0.0,0.0,0.0,0.0,85.0,48,Low,High,Low,High,Low
The Way I Are (Dance with Somebody) [feat. Lil Wayne],Bebe Rexha,All Your Fault: Pt. 2,2018,187787,4,0.0,1.0,2,-6.0,1,0.0,0.0,0.0,0.0,0.0,186.0,52,Medium,High,Low,High,Low
The Way I Talk,Morgan Wallen,If I Know Me,2018,208280,4,1.0,1.0,4,-3.0,1,0.0,0.0,0.0,0.0,1.0,138.0,72,Medium,High,High,High,Low
The Weekend,SZA,Ctrl,2017,272186,3,0.0,0.0,8,-9.0,0,0.0,0.0,0.0,0.0,0.0,73.0,74,Medium,Low,Low,High,Low
There Goes My Baby,d4vd,There Goes My Baby,2023,210666,3,1.0,0.0,1,-9.0,1,0.0,1.0,0.0,0.0,0.0,119.0,69,Medium,Low,High,High,Low
There She Go,Latto,Sugar Honey Iced Tea,2023,161800,4,1.0,1.0,2,-4.0,1,0.0,0.0,0.0,0.0,0.0,155.0,54,Medium,High,High,High,Low
There Will Be Blood,Kim Petras,TURN OFF THE LIGHT,2023,197651,4,1.0,1.0,0,-5.0,0,0.0,0.0,0.0,0.0,1.0,107.0,46,Low,High,High,High,Low
Therefore I Am,Billie Eilish,Happier Than Ever,2020,173539,4,1.0,0.0,2,-8.0,1,0.0,0.0,0.0,0.0,1.0,94.0,72,Medium,Low,High,High,Low
Things A Man Oughta Know,Lainey Wilson,Sayin? What I?m Thinkin?,2021,203373,4,1.0,1.0,3,-6.0,1,0.0,1.0,0.0,0.0,0.0,140.0,71,Medium,High,High,High,Low
Thinking out Loud,Ed Sheeran,x (Deluxe Edition),2014,281560,4,1.0,0.0,2,-6.0,1,0.0,0.0,0.0,0.0,1.0,79.0,81,High,Low,High,High,Low
This Heart,Corey Kent,This Heart,2022,186973,4,0.0,1.0,10,-5.0,0,0.0,0.0,0.0,0.0,0.0,150.0,68,Medium,High,Low,High,Low
this is what falling in love feels like,JVKE,this is what ____ feels like (Vol. 1-4),2022,120308,5,0.0,0.0,11,-6.0,1,0.0,1.0,0.0,0.0,0.0,129.0,76,Medium,Low,Low,High,Low
this is what heartbreak feels like,JVKE,this is what ____ feels like (Vol. 1-4),2023,157636,4,1.0,0.0,1,-5.0,1,0.0,1.0,0.0,0.0,1.0,110.0,67,Medium,Low,High,High,Low
Tï¿½ Eres,Eslabon Armado,Vibras de Noche,2023,245203,4,1.0,0.0,1,-8.0,1,0.0,1.0,0.0,0.0,1.0,98.0,44,Low,Low,High,High,Low
Til You Can't,Cody Johnson,Human The Double Album,2021,224213,4,1.0,1.0,1,-5.0,1,0.0,0.0,0.0,0.0,0.0,160.0,73,Medium,High,High,High,Low
Titanium (feat. Sia),David Guetta,Nothing but the Beat,2011,245040,4,1.0,1.0,0,-4.0,0,0.0,0.0,0.0,0.0,0.0,126.0,56,Medium,High,High,High,Low
Toes,Zac Brown Band,The Foundation,2008,262773,4,1.0,1.0,11,-5.0,1,0.0,1.0,0.0,0.0,1.0,130.0,73,Medium,High,High,High,Low
Tombstone,Rod Wave,SoulFly,2021,160078,4,1.0,1.0,8,-5.0,1,0.0,1.0,0.0,0.0,1.0,84.0,68,Medium,High,High,High,Low
Too Good At Goodbyes,Sam Smith,The Thrill Of It All - Special Edition,2017,201000,4,1.0,0.0,5,-8.0,1,0.0,1.0,0.0,0.0,0.0,92.0,83,High,Low,High,High,Low
Touch My Body,Mariah Carey,E=MC2 (Deluxe Version),2008,204733,4,1.0,1.0,4,-8.0,0,0.0,0.0,0.0,0.0,1.0,79.0,71,Medium,High,High,High,Low
Trainwreck,Bailey Zimmerman,Leave The Light On,2022,210869,4,1.0,1.0,7,-6.0,1,0.0,0.0,0.0,0.0,0.0,138.0,53,Medium,High,High,High,Low
traitor,Olivia Rodrigo,SOUR,2021,229226,4,0.0,0.0,3,-8.0,1,0.0,1.0,0.0,0.0,0.0,101.0,84,High,Low,Low,High,Low
Treat Me Like A Slut,Kim Petras,Slut Pop,2021,118153,4,1.0,1.0,11,-4.0,0,0.0,0.0,0.0,0.0,1.0,130.0,63,Medium,High,High,High,Low
Treat People With Kindness,Harry Styles,Fine Line,2021,197346,4,1.0,1.0,5,-4.0,1,0.0,0.0,0.0,0.0,1.0,122.0,62,Medium,High,High,High,Low
TRES BOTELLAS,Junior H,$AD BOYZ 4 LIFE II,2023,162648,4,1.0,1.0,11,-8.0,0,0.0,0.0,0.0,0.0,1.0,97.0,78,Medium,High,High,High,Low
TRUCK BED,HARDY,the mockingbird & THE CROW,2021,167534,4,1.0,1.0,0,-5.0,1,0.0,0.0,0.0,0.0,1.0,132.0,79,Medium,High,High,High,Low
Truffle Butter,Nicki Minaj,The Pinkprint (Deluxe Edition),2015,220466,4,1.0,1.0,2,-7.0,1,0.0,0.0,0.0,0.0,1.0,105.0,62,Medium,High,High,High,Low
Truth Hurts,Lizzo,Cuz I Love You (Super Deluxe),2017,173325,4,1.0,1.0,4,-3.0,0,0.0,0.0,0.0,0.0,0.0,158.0,71,Medium,High,High,High,Low
Turn it up,PinkPantheress,Turn it up,2023,147020,4,1.0,1.0,7,-9.0,1,0.0,1.0,0.0,0.0,0.0,132.0,71,Medium,High,High,High,Low
Turn Me On (feat. Nicki Minaj),David Guetta,Nothing but the Beat 2.0,2011,199680,4,1.0,1.0,8,-2.0,1,0.0,0.0,0.0,1.0,0.0,128.0,60,Medium,High,High,High,High
Tusa,KAROL G,Tusa,2019,200960,4,1.0,1.0,2,-3.0,1,0.0,0.0,0.0,0.0,1.0,101.0,74,Medium,High,High,High,Low
TWINNEM,Coi Leray,TWINNEM,2021,117066,4,1.0,0.0,2,-10.0,1,0.0,0.0,0.0,0.0,0.0,134.0,47,Low,Low,High,High,Low
Umbrella,Rihanna,Good Girl Gone Bad: Reloaded,2007,275986,4,1.0,1.0,1,-5.0,1,0.0,0.0,0.0,0.0,1.0,174.0,82,High,High,High,High,Low
un x100to,Grupo Frontera,El Comienzo,2023,194563,4,1.0,1.0,9,-4.0,1,0.0,0.0,0.0,0.0,1.0,84.0,79,Medium,High,High,High,Low
Underneath Your Clothes,Shakira,Laundry Service,2002,224066,4,1.0,1.0,8,-5.0,1,0.0,1.0,0.0,0.0,0.0,166.0,60,Medium,High,High,High,Low
Unholy (feat. Kim Petras),Sam Smith,Unholy (feat. Kim Petras),2022,156943,4,1.0,0.0,2,-7.0,1,0.0,0.0,0.0,0.0,0.0,131.0,78,Medium,Low,High,High,Low
Until I Found You,Stephen Sanchez,Until I Found You,2021,177720,3,1.0,1.0,10,-6.0,1,0.0,1.0,0.0,0.0,0.0,101.0,78,Medium,High,High,High,Low
Up,Cardi B,Up,2021,156944,4,1.0,1.0,11,-6.0,1,0.0,0.0,0.0,0.0,1.0,166.0,65,Medium,High,High,High,Low
Up Down (feat. Florida Georgia Line),Morgan Wallen,If I Know Me,2017,197253,4,1.0,1.0,6,-3.0,1,0.0,0.0,0.0,0.0,1.0,130.0,72,Medium,High,High,High,Low
Vegas,Doja Cat,ELVIS (Original Motion Picture Soundtrack),2022,183026,4,1.0,1.0,8,-8.0,0,0.0,0.0,0.0,0.0,1.0,160.0,56,Medium,High,High,High,Low
VEN HDP,Yng Lvcas,Puerqueo EP,2023,154666,4,1.0,1.0,6,-6.0,1,0.0,0.0,0.0,0.0,1.0,97.0,34,Low,High,High,High,Low
Vete,Bad Bunny,Vete,2019,192024,4,1.0,1.0,1,-4.0,1,0.0,0.0,0.0,0.0,1.0,92.0,69,Medium,High,High,High,Low
VINO TINTO,Peso Pluma,ï¿½XODO,2023,245997,3,1.0,1.0,4,-5.0,1,0.0,0.0,0.0,0.0,1.0,135.0,81,High,High,High,High,Low
Viral Moment,Lil Durk,Just Cause Y'all Waited 2 (Deluxe),2020,192000,3,1.0,1.0,1,-8.0,1,0.0,0.0,0.0,0.0,0.0,159.0,43,Low,High,High,High,Low
Waka Waka,Shakira,Summer Classics,2010,202466,4,1.0,1.0,11,-6.0,0,0.0,0.0,0.0,0.0,1.0,127.0,74,Medium,High,High,High,Low
Walk Away,Kelly Clarkson,Breakaway,2005,189306,4,1.0,1.0,0,-5.0,1,0.0,0.0,0.0,0.0,1.0,116.0,47,Low,High,High,High,Low
WAP (feat. Megan Thee Stallion),Cardi B,WAP (feat. Megan Thee Stallion),2020,187541,4,1.0,0.0,1,-8.0,1,0.0,0.0,0.0,0.0,0.0,133.0,77,Medium,Low,High,High,Low
Wasted On You,Morgan Wallen,Dangerous: The Double Album,2021,178520,3,1.0,1.0,11,-5.0,0,0.0,0.0,0.0,0.0,0.0,196.0,82,High,High,High,High,Low
Watch Me Do,Meghan Trainor,Thank You (Deluxe Version),2016,169773,4,1.0,1.0,11,-3.0,0,0.0,0.0,0.0,0.0,1.0,112.0,37,Low,High,High,High,Low
Water Me,Lizzo,Cuz I Love You (Super Deluxe),2019,185594,4,1.0,1.0,3,-2.0,0,0.0,0.0,0.0,0.0,1.0,113.0,48,Low,High,High,High,Low
Watermelon Sugar,Harry Styles,Fine Line,2020,174000,4,1.0,1.0,0,-4.0,1,0.0,0.0,0.0,0.0,1.0,95.0,86,High,High,High,High,Low
waves - Tame Impala Remix,Miguel,Rogue Waves,2015,253346,4,1.0,1.0,2,-4.0,1,0.0,0.0,0.0,0.0,1.0,108.0,65,Medium,High,High,High,Low
We Belong Together,Mariah Carey,The Emancipation of Mimi,2005,201400,4,1.0,0.0,0,-8.0,1,0.0,0.0,0.0,0.0,1.0,140.0,70,Medium,Low,High,High,Low
We Can't Stop,Miley Cyrus,Bangerz (Deluxe Version),2013,231240,4,1.0,1.0,1,-6.0,0,0.0,0.0,0.0,0.0,0.0,80.0,76,Medium,High,High,High,Low
We Found Love,Rihanna,Talk That Talk,2011,215226,4,1.0,1.0,1,-4.0,1,0.0,0.0,0.0,0.0,1.0,128.0,84,High,High,High,High,Low
We're Good,Dua Lipa,Future Nostalgia (The Moonlight Edition),2021,165506,4,1.0,1.0,6,-6.0,1,0.0,0.0,0.0,0.0,1.0,134.0,68,Medium,High,High,High,Low
Wet Dreamz,J. Cole,2014 Forest Hills Drive,2014,239266,4,0.0,1.0,6,-8.0,0,0.0,0.0,0.0,0.0,1.0,176.0,80,High,High,Low,High,Low
What Happened To Virgil (feat. Gunna),Lil Durk,7220,2022,181393,4,1.0,1.0,6,-9.0,0,0.0,0.0,0.0,0.0,0.0,140.0,63,Medium,High,High,High,Low
What Ifs (feat. Lauren Alaina),Kane Brown,Kane Brown,2017,188253,4,1.0,1.0,10,-5.0,1,0.0,0.0,0.0,0.0,1.0,126.0,71,Medium,High,High,High,Low
What It Is (Solo Version),Doechii,What It Is (Versions),2023,189824,4,1.0,1.0,1,-6.0,0,0.0,0.0,0.0,0.0,1.0,172.0,73,Medium,High,High,High,Low
Whatever It Is,Zac Brown Band,The Foundation,2009,208213,4,1.0,1.0,1,-7.0,1,0.0,0.0,0.0,0.0,1.0,84.0,69,Medium,High,High,High,Low
Wheelie (feat. 21 Savage),Latto,Wheelie (feat. 21 Savage),2021,170270,4,1.0,1.0,1,-7.0,1,0.0,0.0,0.0,0.0,1.0,148.0,47,Low,High,High,High,Low
When It Rains It Pours,Luke Combs,This One's for You,2017,240760,4,1.0,1.0,6,-5.0,1,0.0,0.0,0.0,0.0,1.0,128.0,84,High,High,High,High,Low
When Love Takes Over (feat. Kelly Rowland),David Guetta,One Love (Deluxe),2009,191000,4,1.0,1.0,11,-5.0,1,0.0,0.0,0.0,0.0,0.0,130.0,58,Medium,High,High,High,Low
when the party's over,Billie Eilish,"WHEN WE ALL FALL ASLEEP, WHERE DO WE GO?",2018,196077,4,0.0,0.0,4,-14.0,1,0.0,1.0,0.0,0.0,0.0,83.0,83,High,Low,Low,Medium,Low
"Whenever, Wherever",Shakira,Laundry Service,2001,196160,4,1.0,1.0,1,-5.0,0,0.0,0.0,0.0,0.0,1.0,108.0,76,Medium,High,High,High,Low
Where Have You Been,Rihanna,Talk That Talk,2012,242680,4,1.0,1.0,0,-6.0,0,0.0,0.0,0.0,0.0,0.0,128.0,73,Medium,High,High,High,Low
Where It Ends,Bailey Zimmerman,Religiously. The Album.,2023,179294,4,0.0,1.0,9,-5.0,1,0.0,0.0,0.0,0.0,1.0,170.0,80,High,High,Low,High,Low
WHERE YA AT,HARDY,A ROCK,2022,179506,4,1.0,1.0,9,-4.0,1,0.0,0.0,0.0,0.0,1.0,118.0,42,Low,High,High,High,Low
Where You Are (feat. WILLOW),PinkPantheress,Where you are (feat. WILLOW),2023,153706,4,1.0,1.0,0,-5.0,1,0.0,0.0,0.0,0.0,0.0,135.0,55,Medium,High,High,High,Low
Whiskey Glasses,Morgan Wallen,If I Know Me,2018,234346,4,1.0,1.0,6,-5.0,1,0.0,0.0,0.0,0.0,1.0,150.0,80,High,High,High,High,Low
Whiskey On You,Nate Smith,NATE SMITH (DELUXE),2022,183786,4,0.0,1.0,8,-5.0,1,0.0,0.0,0.0,0.0,1.0,110.0,74,Medium,High,Low,High,Low
Why,Sabrina Carpenter,Why,2023,171096,4,1.0,1.0,11,-5.0,0,0.0,0.0,0.0,0.0,1.0,90.0,63,Medium,High,High,High,Low
Wild as Her,Corey Kent,Wild as Her,2023,199733,4,1.0,1.0,0,-6.0,1,0.0,0.0,0.0,0.0,0.0,148.0,61,Medium,High,High,High,Low
willow,Taylor Swift,evermore,2020,214706,4,0.0,1.0,7,-9.0,1,0.0,1.0,0.0,0.0,1.0,81.0,76,Medium,High,Low,High,Low
With You,Chris Brown,Exclusive (Expanded Edition),2007,252120,4,1.0,1.0,3,-4.0,1,0.0,0.0,0.0,0.0,1.0,86.0,75,Medium,High,High,High,Low
Without You (feat. Usher),David Guetta,Nothing but the Beat 2.0,2011,208133,4,1.0,1.0,2,-4.0,1,0.0,0.0,0.0,0.0,0.0,128.0,64,Medium,High,High,High,Low
Wolves,Selena Gomez,Wolves,2017,197993,4,1.0,1.0,11,-5.0,0,0.0,0.0,0.0,0.0,0.0,125.0,76,Medium,High,High,High,Low
Woman,Doja Cat,Planet Her,2021,172626,4,1.0,1.0,5,-4.0,0,0.0,0.0,0.0,0.0,1.0,108.0,82,High,High,High,High,Low
Wonder,Megan Moroney,Wonder,2023,222139,4,1.0,0.0,7,-8.0,0,0.0,0.0,0.0,0.0,1.0,81.0,63,Medium,Low,High,High,Low
Work,Rihanna,ANTI (Deluxe),2016,219320,4,1.0,1.0,11,-6.0,1,0.0,0.0,0.0,0.0,1.0,92.0,78,Medium,High,High,High,Low
Workin' Overtime,Lainey Wilson,Workin' Overtime,2023,197685,4,1.0,1.0,8,-7.0,1,0.0,0.0,0.0,0.0,1.0,156.0,51,Medium,High,High,High,Low
World on Fire,Nate Smith,NATE SMITH (DELUXE),2023,189986,4,0.0,1.0,11,-5.0,0,0.0,0.0,0.0,0.0,0.0,96.0,76,Medium,High,Low,High,Low
Worship You,Kane Brown,Worship You,2020,205746,4,1.0,0.0,8,-7.0,1,0.0,0.0,0.0,0.0,0.0,78.0,45,Low,Low,High,High,Low
Wrecking Ball,Miley Cyrus,Bangerz (Deluxe Version),2013,221360,4,1.0,0.0,5,-6.0,1,0.0,0.0,0.0,0.0,0.0,120.0,78,Medium,Low,High,High,Low
"Writing's On The Wall - From ""Spectre"""" Soundtrack""",Sam Smith,Writing's On The Wall,2015,278987,3,0.0,0.0,5,-8.0,0,0.0,1.0,0.0,0.0,0.0,81.0,63,Medium,Low,Low,High,Low
Written in the Sand,Old Dominion,Happy Endings,2017,184080,4,1.0,0.0,6,-10.0,1,0.0,1.0,0.0,0.0,1.0,84.0,63,Medium,Low,High,High,Low
WWDD,Lainey Wilson,Sayin? What I?m Thinkin?,2023,140413,4,1.0,1.0,2,-3.0,1,0.0,0.0,0.0,0.0,1.0,114.0,49,Low,High,High,High,Low
YAYO,Rema,HEIS,2022,150760,4,1.0,1.0,10,-5.0,1,0.0,0.0,0.0,0.0,1.0,118.0,72,Medium,High,High,High,Low
Yeah 3x,Chris Brown,F.A.M.E. (Expanded Edition),2010,241666,4,1.0,1.0,11,-3.0,0,0.0,0.0,0.0,0.0,1.0,130.0,67,Medium,High,High,High,Low
Yes or No,Jung Kook,GOLDEN,2023,147557,4,1.0,1.0,1,-3.0,1,0.0,0.0,0.0,0.0,1.0,84.0,77,Medium,High,High,High,Low
Yo Perreo Sola,Bad Bunny,YHLQMDLG,2020,172127,4,1.0,1.0,11,-5.0,1,0.0,0.0,0.0,0.0,0.0,97.0,71,Medium,High,High,High,Low
You Belong With Me (Taylor?s Version),Taylor Swift,Fearless (Taylor's Version),2021,231124,4,1.0,1.0,6,-5.0,1,0.0,0.0,0.0,0.0,0.0,130.0,81,High,High,High,High,Low
"You Can't Stop The Girl (From Disney's ""Maleficent: Mistress of Evil"""")""",Bebe Rexha,"You Can't Stop The Girl (From Disney's ""Maleficent: Mistress of Evil"""")""",2019,158258,4,0.0,1.0,7,-6.0,1,0.0,1.0,0.0,0.0,0.0,152.0,54,Medium,High,Low,High,Low
You Make It Easy,Jason Aldean,Rearview Town,2018,193226,3,1.0,1.0,7,-5.0,1,0.0,0.0,0.0,0.0,1.0,132.0,72,Medium,High,High,High,Low
You Right,Doja Cat,Planet Her,2021,186173,4,1.0,1.0,8,-6.0,1,0.0,0.0,0.0,0.0,0.0,129.0,76,Medium,High,High,High,Low
You Should Be Here,Cole Swindell,You Should Be Here,2016,190173,4,0.0,1.0,7,-4.0,1,0.0,0.0,0.0,0.0,0.0,136.0,61,Medium,High,Low,High,Low
You?re Gonna Go Far,Noah Kahan,Stick Season (We'll All Be Here Forever),2023,286369,4,1.0,0.0,7,-10.0,1,0.0,1.0,0.0,0.0,0.0,170.0,81,High,Low,High,High,Low
Your Power,Billie Eilish,Happier Than Ever,2021,245896,4,1.0,0.0,9,-14.0,0,0.0,1.0,0.0,0.0,0.0,130.0,72,Medium,Low,High,Medium,Low
Yucky Blucky Fruitcake,Doechii,Oh The Places You?ll Go,2023,275526,4,1.0,1.0,9,-8.0,1,0.0,0.0,0.0,1.0,1.0,98.0,53,Medium,High,High,High,High
